商品ID,ブランド,商品名,香水濃度,容量,参考価格,発売年,トップノート,ミドルノート,ラストノート,香調,シーン,季節,おすすめする人,おすすめしにくい人,注意点,香りプロフィール数値,Amazonリンク,楽天リンク,公式リンク,関連商品,SEOタイトル,SEO説明,情報出典,欠損項目数,欠損項目
jo-malone-1,Jo Malone,ライムバジル & マンダリン,,,"¥15,000前後",1999,ライム・マンダリン,バジル,アンバーウッド,シトラス,ビジネス / デイリー,春 / 夏,,,,,,https://hb.afl.rakuten.co.jp/hgc/g00sw7hn.k90d6e3d.g00sw7hn.k90d72dc/?pc=https%3A%2F%2Fitem.rakuten.co.jp%2Fjomalone%2F10101l00301%2F&m=http%3A%2F%2Fm.rakuten.co.jp%2Fjomalone%2Fi%2F10000012%2F&rafcid=wsc_i_is_9fdeb09f-0a42-4a33-b337-0ae38817954c,,jo-malone-2 / jo-malone-3 / jo-malone-4,ライムバジル & マンダリン（Jo Malone）はどんな匂い？香調・持続・合うシーン｜Sillage,Jo Malone「ライムバジル & マンダリン」の香調(トップ・ミドル・ラスト)、季節・シーン、価格帯、Sillageの見立てをまとめています。,,9,香水濃度 / 容量 / おすすめする人 / おすすめしにくい人 / 注意点 / 香りプロフィール数値 / Amazonリンク / 公式リンク / 情報出典
acqua-di-parma-1,Acqua di Parma,コロニア,,,"¥18,000前後",1916,レモン・ベルガモット,ラベンダー・ローズマリー,パチョリ・サンダルウッド,シトラス,ビジネス / フォーマル,春 / 夏,,,,,,https://hb.afl.rakuten.co.jp/hgc/g00pv5mn.k90d6eb3.g00pv5mn.k90d71f1/?pc=https%3A%2F%2Fitem.rakuten.co.jp%2Fkousuimonogatari%2Fadp1003%2F&m=http%3A%2F%2Fm.rakuten.co.jp%2Fkousuimonogatari%2Fi%2F10048833%2F&rafcid=wsc_i_is_9fdeb09f-0a42-4a33-b337-0ae38817954c,,acqua-di-parma-2 / jo-malone-1 / dior-1,コロニア（Acqua di Parma）はどんな匂い？香調・持続・合うシーン｜Sillage,Acqua di Parma「コロニア」の香調(トップ・ミドル・ラスト)、季節・シーン、価格帯、Sillageの見立てをまとめています。,,9,香水濃度 / 容量 / おすすめする人 / おすすめしにくい人 / 注意点 / 香りプロフィール数値 / Amazonリンク / 公式リンク / 情報出典
dior-1,Dior,オー ソバージュ,,,"¥13,000前後",1966,レモン・バジル,ローズマリー・ジャスミン,ベチバー・オークモス,シトラス,ビジネス / デイリー,春 / 夏,,,,,,https://hb.afl.rakuten.co.jp/hgc/g00pu2mn.k90d68f9.g00pu2mn.k90d7381/?pc=https%3A%2F%2Fitem.rakuten.co.jp%2Fcosmelink%2Fb3348900627499%2F&m=http%3A%2F%2Fm.rakuten.co.jp%2Fcosmelink%2Fi%2F10050208%2F&rafcid=wsc_i_is_9fdeb09f-0a42-4a33-b337-0ae38817954c,,dior-2 / dior-3 / dior-4,オー ソバージュ（Dior）はどんな匂い？香調・持続・合うシーン｜Sillage,Dior「オー ソバージュ」の香調(トップ・ミドル・ラスト)、季節・シーン、価格帯、Sillageの見立てをまとめています。,,9,香水濃度 / 容量 / おすすめする人 / おすすめしにくい人 / 注意点 / 香りプロフィール数値 / Amazonリンク / 公式リンク / 情報出典
hermes-1,Hermès,オー ド パンプルムース ローズ,,,"¥17,000前後",2009,グレープフルーツ,ローズ,ベチバー,シトラス,デイリー / ビジネス,春 / 夏,,,,,,,,hermes-2 / hermes-3 / jo-malone-1,オー ド パンプルムース ローズ（Hermès）はどんな匂い？香調・持続・合うシーン｜Sillage,Hermès「オー ド パンプルムース ローズ」の香調(トップ・ミドル・ラスト)、季節・シーン、価格帯、Sillageの見立てをまとめています。,,10,香水濃度 / 容量 / おすすめする人 / おすすめしにくい人 / 注意点 / 香りプロフィール数値 / Amazonリンク / 楽天リンク / 公式リンク / 情報出典
4711-1,4711,オーデコロン,,,"¥1,200前後",1792,レモン・ベルガモット,ネロリ・ローズ,ムスク,シトラス,デイリー / スポーツ,夏,,,,,,https://hb.afl.rakuten.co.jp/hgc/g00pv5mn.k90d6eb3.g00pv5mn.k90d71f1/?pc=https%3A%2F%2Fitem.rakuten.co.jp%2Fkousuimonogatari%2Fyon1004%2F&m=http%3A%2F%2Fm.rakuten.co.jp%2Fkousuimonogatari%2Fi%2F10042692%2F&rafcid=wsc_i_is_9fdeb09f-0a42-4a33-b337-0ae38817954c,,jo-malone-1 / acqua-di-parma-1 / dior-1,オーデコロン（4711）はどんな匂い？香調・持続・合うシーン｜Sillage,4711「オーデコロン」の香調(トップ・ミドル・ラスト)、季節・シーン、価格帯、Sillageの見立てをまとめています。,,9,香水濃度 / 容量 / おすすめする人 / おすすめしにくい人 / 注意点 / 香りプロフィール数値 / Amazonリンク / 公式リンク / 情報出典
atelier-cologne-1,Atelier Cologne,オランジュ サングィン,,,"¥20,000前後",2010,ブラッドオレンジ,ジャスミン,サンダルウッド,シトラス,デイリー / デート,春 / 夏,,,,,,,,jo-malone-1 / acqua-di-parma-1 / dior-1,オランジュ サングィン（Atelier Cologne）はどんな匂い？香調・持続・合うシーン｜Sillage,Atelier Cologne「オランジュ サングィン」の香調(トップ・ミドル・ラスト)、季節・シーン、価格帯、Sillageの見立てをまとめています。,,10,香水濃度 / 容量 / おすすめする人 / おすすめしにくい人 / 注意点 / 香りプロフィール数値 / Amazonリンク / 楽天リンク / 公式リンク / 情報出典
guerlain-1,Guerlain,オー インペリアル,,,"¥16,000前後",1853,レモン・ベルガモット,ネロリ,ローズ・ベチバー,シトラス,フォーマル / デイリー,春 / 夏,,,,,,https://hb.afl.rakuten.co.jp/hgc/g00u4tbn.k90d61d0.g00u4tbn.k90d7ab4/?pc=https%3A%2F%2Fitem.rakuten.co.jp%2Frareu%2F2023093037%2F&m=http%3A%2F%2Fm.rakuten.co.jp%2Frareu%2Fi%2F10008561%2F&rafcid=wsc_i_is_9fdeb09f-0a42-4a33-b337-0ae38817954c,,guerlain-2 / guerlain-3 / jo-malone-1,オー インペリアル（Guerlain）はどんな匂い？香調・持続・合うシーン｜Sillage,Guerlain「オー インペリアル」の香調(トップ・ミドル・ラスト)、季節・シーン、価格帯、Sillageの見立てをまとめています。,,9,香水濃度 / 容量 / おすすめする人 / おすすめしにくい人 / 注意点 / 香りプロフィール数値 / Amazonリンク / 公式リンク / 情報出典
muji-1,無印良品,オードトワレ シトラス,,,"¥1,990前後",,オレンジ・レモン,グレープフルーツ,ライム,シトラス,デイリー / スポーツ,夏 / 春,軽いシトラス系を普段使いしたい人 / 春夏のデイリー用を探している人,甘く重厚な香りを求める人,現行の公式商品ページを特定できなかったため、販売状況は掲載していません,,,,,jo-malone-1 / acqua-di-parma-1 / dior-1,オードトワレ シトラス（無印良品）はどんな匂い？香調・持続・合うシーン｜Sillage,無印良品「オードトワレ シトラス」の香調(トップ・ミドル・ラスト)、季節・シーン、価格帯、Sillageの見立てをまとめています。,,8,香水濃度 / 容量 / 発売年 / 香りプロフィール数値 / Amazonリンク / 楽天リンク / 公式リンク / 情報出典
dolce-gabbana-1,Dolce&Gabbana,ライト ブルー プールオム,,,"¥7,000前後",2007,グレープフルーツ・ベルガモット,ジュニパー・ローズウッド,ムスク・オークモス,シトラス,デイリー / デート,夏 / 春,,,,,,https://hb.afl.rakuten.co.jp/hgc/g00pv5mn.k90d6eb3.g00pv5mn.k90d71f1/?pc=https%3A%2F%2Fitem.rakuten.co.jp%2Fkousuimonogatari%2F1082458%2F&m=http%3A%2F%2Fm.rakuten.co.jp%2Fkousuimonogatari%2Fi%2F10013577%2F&rafcid=wsc_i_is_9fdeb09f-0a42-4a33-b337-0ae38817954c,,dolce-gabbana-2 / jo-malone-1 / acqua-di-parma-1,ライト ブルー プールオム（Dolce&Gabbana）はどんな匂い？香調・持続・合うシーン｜Sillage,Dolce&Gabbana「ライト ブルー プールオム」の香調(トップ・ミドル・ラスト)、季節・シーン、価格帯、Sillageの見立てをまとめています。,,9,香水濃度 / 容量 / おすすめする人 / おすすめしにくい人 / 注意点 / 香りプロフィール数値 / Amazonリンク / 公式リンク / 情報出典
hermes-2,Hermès,オー ドランジュ ヴェルト,,,"¥16,000前後",1979,オレンジ・レモン・マンダリン,ミント・ブラックカラント,オークモス・パチョリ,シトラス,デイリー / ビジネス,夏 / 春,,,,,,https://hb.afl.rakuten.co.jp/hgc/g00u0isn.k90d63fb.g00u0isn.k90d7eb4/?pc=https%3A%2F%2Fitem.rakuten.co.jp%2Fcoscora%2F30118%2F&m=http%3A%2F%2Fm.rakuten.co.jp%2Fcoscora%2Fi%2F10000814%2F&rafcid=wsc_i_is_9fdeb09f-0a42-4a33-b337-0ae38817954c,,hermes-1 / hermes-3 / jo-malone-1,オー ドランジュ ヴェルト（Hermès）はどんな匂い？香調・持続・合うシーン｜Sillage,Hermès「オー ドランジュ ヴェルト」の香調(トップ・ミドル・ラスト)、季節・シーン、価格帯、Sillageの見立てをまとめています。,,9,香水濃度 / 容量 / おすすめする人 / おすすめしにくい人 / 注意点 / 香りプロフィール数値 / Amazonリンク / 公式リンク / 情報出典
dior-2,Dior,ソヴァージュ EDT,オードゥ トワレ,60mL,60mL 14300円,2015,ベルガモット,シチュアンペッパー,アンブロキサン,アロマティック,ビジネス / デート,春 / 秋,フレッシュなアロマティック系を仕事や外出で使いたい人 / 春秋のデートにも使える香りを探している人,ごく控えめな香り立ちを優先したい人,公式オンラインでは確認時に在庫切れと表示されています,,,https://hb.afl.rakuten.co.jp/hgc/g00r2fjn.k90d6872.g00r2fjn.k90d7745/?pc=https%3A%2F%2Fitem.rakuten.co.jp%2Fblanc-lapin%2Fdir3f0000042%2F&m=http%3A%2F%2Fm.rakuten.co.jp%2Fblanc-lapin%2Fi%2F10127819%2F&rafcid=wsc_i_is_9fdeb09f-0a42-4a33-b337-0ae38817954c,https://www.dior.com/ja_jp/beauty/products/%E3%82%BD%E3%83%B4%E3%82%A1%E3%83%BC%E3%82%B8%E3%83%A5-%E3%82%AA%E3%83%BC%E3%83%89%E3%82%A5-%E3%83%88%E3%83%AF%E3%83%AC-Y0685240.html,dior-1 / dior-3 / dior-4,ソヴァージュ EDT（Dior）はどんな匂い？香調・持続・合うシーン｜Sillage,Dior「ソヴァージュ EDT」の香調(トップ・ミドル・ラスト)、季節・シーン、価格帯、Sillageの見立てをまとめています。,"[{""url"":""https://www.dior.com/ja_jp/beauty/products/%E3%82%BD%E3%83%B4%E3%82%A1%E3%83%BC%E3%82%B8%E3%83%A5-%E3%82%AA%E3%83%BC%E3%83%89%E3%82%A5-%E3%83%88%E3%83%AF%E3%83%AC-Y0685240.html"",""publisher"":""Dior"",""title"":""ソヴァージュ オードゥ トワレ"",""accessedAt"":""2026-07-18"",""supports"":[""concentration"",""sizes""]}]",2,香りプロフィール数値 / Amazonリンク
ck-1,CK,CK one,,,"¥2,500前後",1994,ベルガモット・カルダモン,ジャスミン・スミレ,ムスク・シダー,アロマティック,デイリー / スポーツ,春 / 夏,,,,,,https://hb.afl.rakuten.co.jp/hgc/g00ujqnn.k90d6c46.g00ujqnn.k90d76d1/?pc=https%3A%2F%2Fitem.rakuten.co.jp%2Ffragrance-u%2Fca-oneetsp%2F&m=http%3A%2F%2Fm.rakuten.co.jp%2Ffragrance-u%2Fi%2F10000444%2F&rafcid=wsc_i_is_9fdeb09f-0a42-4a33-b337-0ae38817954c,,dior-2 / montblanc-1 / azzaro-1,CK one（CK）はどんな匂い？香調・持続・合うシーン｜Sillage,CK「CK one」の香調(トップ・ミドル・ラスト)、季節・シーン、価格帯、Sillageの見立てをまとめています。,,9,香水濃度 / 容量 / おすすめする人 / おすすめしにくい人 / 注意点 / 香りプロフィール数値 / Amazonリンク / 公式リンク / 情報出典
montblanc-1,Montblanc,レジェンド,,,"¥6,500前後",2011,ラベンダー・ベルガモット,アップル・ローズ,オークモス・トンカ,アロマティック,ビジネス / デート,春 / 秋,,,,,,https://hb.afl.rakuten.co.jp/hgc/g00ss3zn.k90d6334.g00ss3zn.k90d7b5a/?pc=https%3A%2F%2Fitem.rakuten.co.jp%2Fkousuiandco%2Fpage-mon007-030%2F&m=http%3A%2F%2Fm.rakuten.co.jp%2Fkousuiandco%2Fi%2F10007872%2F&rafcid=wsc_i_is_9fdeb09f-0a42-4a33-b337-0ae38817954c,,montblanc-2 / dior-2 / ck-1,レジェンド（Montblanc）はどんな匂い？香調・持続・合うシーン｜Sillage,Montblanc「レジェンド」の香調(トップ・ミドル・ラスト)、季節・シーン、価格帯、Sillageの見立てをまとめています。,,9,香水濃度 / 容量 / おすすめする人 / おすすめしにくい人 / 注意点 / 香りプロフィール数値 / Amazonリンク / 公式リンク / 情報出典
azzaro-1,Azzaro,プール オム,,,"¥4,500前後",1978,アニス・バジル・ラベンダー,プチグレン・ベチバー,レザー・オークモス,アロマティック,ビジネス / フォーマル,秋 / 春,,,,,,https://hb.afl.rakuten.co.jp/hgc/g00pv5mn.k90d6eb3.g00pv5mn.k90d71f1/?pc=https%3A%2F%2Fitem.rakuten.co.jp%2Fkousuimonogatari%2F1021975%2F&m=http%3A%2F%2Fm.rakuten.co.jp%2Fkousuimonogatari%2Fi%2F10013275%2F&rafcid=wsc_i_is_9fdeb09f-0a42-4a33-b337-0ae38817954c,,azzaro-2 / azzaro-3 / dior-2,プール オム（Azzaro）はどんな匂い？香調・持続・合うシーン｜Sillage,Azzaro「プール オム」の香調(トップ・ミドル・ラスト)、季節・シーン、価格帯、Sillageの見立てをまとめています。,,9,香水濃度 / 容量 / おすすめする人 / おすすめしにくい人 / 注意点 / 香りプロフィール数値 / Amazonリンク / 公式リンク / 情報出典
chanel-1,Chanel,アリュール オム スポーツ,,,"¥13,000前後",2004,オレンジ・アルデヒド,シダー・ペッパー,トンカ・アンバー,アロマティック,ビジネス / スポーツ,春 / 夏,,,,,,https://hb.afl.rakuten.co.jp/hgc/g00ss3zn.k90d6334.g00ss3zn.k90d7b5a/?pc=https%3A%2F%2Fitem.rakuten.co.jp%2Fkousuiandco%2Fcha008-150%2F&m=http%3A%2F%2Fm.rakuten.co.jp%2Fkousuiandco%2Fi%2F10000705%2F&rafcid=wsc_i_is_9fdeb09f-0a42-4a33-b337-0ae38817954c,,chanel-2 / chanel-3 / chanel-4,アリュール オム スポーツ（Chanel）はどんな匂い？香調・持続・合うシーン｜Sillage,Chanel「アリュール オム スポーツ」の香調(トップ・ミドル・ラスト)、季節・シーン、価格帯、Sillageの見立てをまとめています。,,9,香水濃度 / 容量 / おすすめする人 / おすすめしにくい人 / 注意点 / 香りプロフィール数値 / Amazonリンク / 公式リンク / 情報出典
paco-rabanne-1,Paco Rabanne,プール オム,,,"¥4,000前後",1973,ローズマリー・ベルガモット,カーネーション・セージ,トンカ・オークモス,アロマティック,ビジネス / デイリー,秋 / 春,,,,,,https://hb.afl.rakuten.co.jp/hgc/g00t5c4n.k90d68f1.g00t5c4n.k90d7d3e/?pc=https%3A%2F%2Fitem.rakuten.co.jp%2Fdiogreco%2Fpr-pacorabannepourhommedt-100ml%2F&m=http%3A%2F%2Fm.rakuten.co.jp%2Fdiogreco%2Fi%2F10005147%2F&rafcid=wsc_i_is_9fdeb09f-0a42-4a33-b337-0ae38817954c,,paco-rabanne-2 / paco-rabanne-3 / dior-2,プール オム（Paco Rabanne）はどんな匂い？香調・持続・合うシーン｜Sillage,Paco Rabanne「プール オム」の香調(トップ・ミドル・ラスト)、季節・シーン、価格帯、Sillageの見立てをまとめています。,,9,香水濃度 / 容量 / おすすめする人 / おすすめしにくい人 / 注意点 / 香りプロフィール数値 / Amazonリンク / 公式リンク / 情報出典
nautica-1,Nautica,ヴォヤージュ,,,"¥2,000前後",2006,アップル・水生ノート,ミモザ・ロータス,シダー・ムスク,アロマティック,デイリー / スポーツ,夏 / 春,,,,,,https://hb.afl.rakuten.co.jp/hgc/g00pv5mn.k90d6eb3.g00pv5mn.k90d71f1/?pc=https%3A%2F%2Fitem.rakuten.co.jp%2Fkousuimonogatari%2Fnau1041%2F&m=http%3A%2F%2Fm.rakuten.co.jp%2Fkousuimonogatari%2Fi%2F10051356%2F&rafcid=wsc_i_is_9fdeb09f-0a42-4a33-b337-0ae38817954c,,dior-2 / ck-1 / montblanc-1,ヴォヤージュ（Nautica）はどんな匂い？香調・持続・合うシーン｜Sillage,Nautica「ヴォヤージュ」の香調(トップ・ミドル・ラスト)、季節・シーン、価格帯、Sillageの見立てをまとめています。,,9,香水濃度 / 容量 / おすすめする人 / おすすめしにくい人 / 注意点 / 香りプロフィール数値 / Amazonリンク / 公式リンク / 情報出典
brut-1,Brut,クラシック,,,"¥1,500前後",1964,シトラス・アニス,ラベンダー・ゼラニウム,ムスク・サンダルウッド,アロマティック,デイリー,秋 / 春,,,,,,,,dior-2 / ck-1 / montblanc-1,クラシック（Brut）はどんな匂い？香調・持続・合うシーン｜Sillage,Brut「クラシック」の香調(トップ・ミドル・ラスト)、季節・シーン、価格帯、Sillageの見立てをまとめています。,,10,香水濃度 / 容量 / おすすめする人 / おすすめしにくい人 / 注意点 / 香りプロフィール数値 / Amazonリンク / 楽天リンク / 公式リンク / 情報出典
guerlain-2,Guerlain,ヴェチバー,,,"¥16,000前後",1959,レモン・ベルガモット,ベチバー・ペッパー,トンカ・タバコ,アロマティック,ビジネス / フォーマル,秋 / 春,,,,,,https://hb.afl.rakuten.co.jp/hgc/g00u4tbn.k90d61d0.g00u4tbn.k90d7ab4/?pc=https%3A%2F%2Fitem.rakuten.co.jp%2Frareu%2F2024032114%2F&m=http%3A%2F%2Fm.rakuten.co.jp%2Frareu%2Fi%2F10011358%2F&rafcid=wsc_i_is_9fdeb09f-0a42-4a33-b337-0ae38817954c,,guerlain-1 / guerlain-3 / dior-2,ヴェチバー（Guerlain）はどんな匂い？香調・持続・合うシーン｜Sillage,Guerlain「ヴェチバー」の香調(トップ・ミドル・ラスト)、季節・シーン、価格帯、Sillageの見立てをまとめています。,,9,香水濃度 / 容量 / おすすめする人 / おすすめしにくい人 / 注意点 / 香りプロフィール数値 / Amazonリンク / 公式リンク / 情報出典
ysl-1,YSL,Y メン オーデパルファン,,,"¥13,000前後",2018,ベルガモット・ジンジャー,セージ・ゼラニウム,アンバーウッド・トンカ,アロマティック,ビジネス / デート,春 / 秋,,,,,,,,ysl-2 / ysl-3 / ysl-4,Y メン オーデパルファン（YSL）はどんな匂い？香調・持続・合うシーン｜Sillage,YSL「Y メン オーデパルファン」の香調(トップ・ミドル・ラスト)、季節・シーン、価格帯、Sillageの見立てをまとめています。,,10,香水濃度 / 容量 / おすすめする人 / おすすめしにくい人 / 注意点 / 香りプロフィール数値 / Amazonリンク / 楽天リンク / 公式リンク / 情報出典
chanel-2,Chanel,エゴイスト プラチナム,,,"¥14,000前後",1993,ラベンダー・ローズマリー,ゼラニウム・プチグレン,アンバー・シダー,アロマティック,ビジネス / フォーマル,春 / 秋,,,,,,https://hb.afl.rakuten.co.jp/hgc/g00rbw6n.k90d6fcb.g00rbw6n.k90d7a2a/?pc=https%3A%2F%2Fitem.rakuten.co.jp%2Faquabouquet%2Fcha00320%2F&m=http%3A%2F%2Fm.rakuten.co.jp%2Faquabouquet%2Fi%2F10008181%2F&rafcid=wsc_i_is_9fdeb09f-0a42-4a33-b337-0ae38817954c,,chanel-1 / chanel-3 / chanel-4,エゴイスト プラチナム（Chanel）はどんな匂い？香調・持続・合うシーン｜Sillage,Chanel「エゴイスト プラチナム」の香調(トップ・ミドル・ラスト)、季節・シーン、価格帯、Sillageの見立てをまとめています。,,9,香水濃度 / 容量 / おすすめする人 / おすすめしにくい人 / 注意点 / 香りプロフィール数値 / Amazonリンク / 公式リンク / 情報出典
gucci-1,Gucci,ギルティ プールオム,,,"¥9,000前後",2009,レモン・ラベンダー,オレンジブロッサム・ネロリ,パチョリ・シダー,アロマティック,デート / デイリー,春 / 夏,,,,,,https://hb.afl.rakuten.co.jp/hgc/g00ss3zn.k90d6334.g00ss3zn.k90d7b5a/?pc=https%3A%2F%2Fitem.rakuten.co.jp%2Fkousuiandco%2Fpage-guc016-050%2F&m=http%3A%2F%2Fm.rakuten.co.jp%2Fkousuiandco%2Fi%2F10003462%2F&rafcid=wsc_i_is_9fdeb09f-0a42-4a33-b337-0ae38817954c,,gucci-2 / dior-2 / ck-1,ギルティ プールオム（Gucci）はどんな匂い？香調・持続・合うシーン｜Sillage,Gucci「ギルティ プールオム」の香調(トップ・ミドル・ラスト)、季節・シーン、価格帯、Sillageの見立てをまとめています。,,9,香水濃度 / 容量 / おすすめする人 / おすすめしにくい人 / 注意点 / 香りプロフィール数値 / Amazonリンク / 公式リンク / 情報出典
dior-3,Dior,ソヴァージュ EDP,,,"¥15,000前後",2018,カラブリアンベルガモット,ラベンダー・シーソルト・スターアニス,アンブロキサン・シダー,アロマティック,デート / ビジネス,秋 / 春,,,,,,https://hb.afl.rakuten.co.jp/hgc/g00pl3fn.k90d6b94.g00pl3fn.k90d70c3/?pc=https%3A%2F%2Fitem.rakuten.co.jp%2Fwish%2F10047089%2F&m=http%3A%2F%2Fm.rakuten.co.jp%2Fwish%2Fi%2F10048660%2F&rafcid=wsc_i_is_9fdeb09f-0a42-4a33-b337-0ae38817954c,,dior-1 / dior-2 / dior-4,ソヴァージュ EDP（Dior）はどんな匂い？香調・持続・合うシーン｜Sillage,Dior「ソヴァージュ EDP」の香調(トップ・ミドル・ラスト)、季節・シーン、価格帯、Sillageの見立てをまとめています。,,9,香水濃度 / 容量 / おすすめする人 / おすすめしにくい人 / 注意点 / 香りプロフィール数値 / Amazonリンク / 公式リンク / 情報出典
calvin-klein-1,Calvin Klein,エタニティ フォーメン,,,"¥3,000前後",1989,ラベンダー・マンダリン,セージ・バジル,サンダルウッド・ムスク,アロマティック,ビジネス / デイリー,春 / 秋,,,,,,https://hb.afl.rakuten.co.jp/hgc/g00pv5mn.k90d6eb3.g00pv5mn.k90d71f1/?pc=https%3A%2F%2Fitem.rakuten.co.jp%2Fkousuimonogatari%2F571691%2F&m=http%3A%2F%2Fm.rakuten.co.jp%2Fkousuimonogatari%2Fi%2F10010631%2F&rafcid=wsc_i_is_9fdeb09f-0a42-4a33-b337-0ae38817954c,,dior-2 / ck-1 / montblanc-1,エタニティ フォーメン（Calvin Klein）はどんな匂い？香調・持続・合うシーン｜Sillage,Calvin Klein「エタニティ フォーメン」の香調(トップ・ミドル・ラスト)、季節・シーン、価格帯、Sillageの見立てをまとめています。,,9,香水濃度 / 容量 / おすすめする人 / おすすめしにくい人 / 注意点 / 香りプロフィール数値 / Amazonリンク / 公式リンク / 情報出典
ysl-2,YSL,リブレ オーデパルファン,オーデパルファム,10mL / 30mL / 50mL / 90mL / 150mL,"¥14,000前後",2019,ラベンダー・マンダリン,オレンジブロッサム・ジャスミン,バニラ・ムスク,フローラル,デート / ビジネス,春 / 秋,ラベンダーとフローラルの対比を楽しみたい人 / 仕事からデートまで使い分けたい人,シトラス主体の軽快さだけを求める人,リフィル対応はボトルの仕様と容量を公式表示で確認してください,,,https://hb.afl.rakuten.co.jp/hgc/g00u7byn.k90d65e3.g00u7byn.k90d7632/?pc=https%3A%2F%2Fitem.rakuten.co.jp%2Fyslbeauty%2Fww-50424ysl%2F&m=http%3A%2F%2Fm.rakuten.co.jp%2Fyslbeauty%2Fi%2F10000000%2F&rafcid=wsc_i_is_9fdeb09f-0a42-4a33-b337-0ae38817954c,https://www.yslbeauty.com/int/fragrance/fragrance-for-her/libre/libre-eau-de-parfum/WW-50424YSL.html,ysl-1 / ysl-3 / ysl-4,リブレ オーデパルファン（YSL）はどんな匂い？香調・持続・合うシーン｜Sillage,YSL「リブレ オーデパルファン」の香調(トップ・ミドル・ラスト)、季節・シーン、価格帯、Sillageの見立てをまとめています。,"[{""url"":""https://www.yslbeauty.com/int/fragrance/fragrance-for-her/libre/libre-eau-de-parfum/WW-50424YSL.html"",""publisher"":""Yves Saint Laurent Beauty"",""title"":""LIBRE Eau de Parfum"",""accessedAt"":""2026-07-18"",""supports"":[""concentration"",""sizes"",""notes""]}]",2,香りプロフィール数値 / Amazonリンク
chanel-3,Chanel,チャンス オー タンドゥル,,,"¥15,000前後",2010,グレープフルーツ・クインス,ジャスミン・ヒヤシンス,ホワイトムスク・シダー,フローラル,デート / デイリー,春 / 夏,,,,,,https://hb.afl.rakuten.co.jp/hgc/g00svf6n.k90d68b6.g00svf6n.k90d7eab/?pc=https%3A%2F%2Fitem.rakuten.co.jp%2Fbrilliantworld%2Fchanel-chance-edp%2F&m=http%3A%2F%2Fm.rakuten.co.jp%2Fbrilliantworld%2Fi%2F10001495%2F&rafcid=wsc_i_is_9fdeb09f-0a42-4a33-b337-0ae38817954c,,chanel-1 / chanel-2 / chanel-4,チャンス オー タンドゥル（Chanel）はどんな匂い？香調・持続・合うシーン｜Sillage,Chanel「チャンス オー タンドゥル」の香調(トップ・ミドル・ラスト)、季節・シーン、価格帯、Sillageの見立てをまとめています。,,9,香水濃度 / 容量 / おすすめする人 / おすすめしにくい人 / 注意点 / 香りプロフィール数値 / Amazonリンク / 公式リンク / 情報出典
dior-4,Dior,ジャドール,,,"¥16,000前後",1999,ベルガモット・マンダリン,イランイラン・ローズ・ジャスミン,ムスク・バニラ,フローラル,フォーマル / デート,春 / 秋,,,,,,https://hb.afl.rakuten.co.jp/hgc/g00pl3fn.k90d6b94.g00pl3fn.k90d70c3/?pc=https%3A%2F%2Fitem.rakuten.co.jp%2Fwish%2F1516362%2F&m=http%3A%2F%2Fm.rakuten.co.jp%2Fwish%2Fi%2F10016597%2F&rafcid=wsc_i_is_9fdeb09f-0a42-4a33-b337-0ae38817954c,,dior-1 / dior-2 / dior-3,ジャドール（Dior）はどんな匂い？香調・持続・合うシーン｜Sillage,Dior「ジャドール」の香調(トップ・ミドル・ラスト)、季節・シーン、価格帯、Sillageの見立てをまとめています。,,9,香水濃度 / 容量 / おすすめする人 / おすすめしにくい人 / 注意点 / 香りプロフィール数値 / Amazonリンク / 公式リンク / 情報出典
gucci-2,Gucci,ブルーム,,,"¥13,000前後",2017,チュベローズ・ジャスミン,ロサンゲルス・オレンジブロッサム,サンダルウッド・ムスク,フローラル,デート / デイリー,春 / 夏,,,,,,https://hb.afl.rakuten.co.jp/hgc/g00ss3zn.k90d6334.g00ss3zn.k90d7b5a/?pc=https%3A%2F%2Fitem.rakuten.co.jp%2Fkousuiandco%2Fpage-guc044-100%2F&m=http%3A%2F%2Fm.rakuten.co.jp%2Fkousuiandco%2Fi%2F10004377%2F&rafcid=wsc_i_is_9fdeb09f-0a42-4a33-b337-0ae38817954c,,gucci-1 / ysl-2 / chanel-3,ブルーム（Gucci）はどんな匂い？香調・持続・合うシーン｜Sillage,Gucci「ブルーム」の香調(トップ・ミドル・ラスト)、季節・シーン、価格帯、Sillageの見立てをまとめています。,,9,香水濃度 / 容量 / おすすめする人 / おすすめしにくい人 / 注意点 / 香りプロフィール数値 / Amazonリンク / 公式リンク / 情報出典
jo-malone-2,Jo Malone,イングリッシュ ペアー & フリージア,,,"¥15,000前後",2010,洋ナシ,フリージア・ローズ,パチョリ・ムスク,フローラル,デイリー / デート,春 / 秋,,,,,,https://hb.afl.rakuten.co.jp/hgc/g00s3q0n.k90d68a5.g00s3q0n.k90d785c/?pc=https%3A%2F%2Fitem.rakuten.co.jp%2Fcosme-venus%2F0690251019090%2F&m=http%3A%2F%2Fm.rakuten.co.jp%2Fcosme-venus%2Fi%2F10001971%2F&rafcid=wsc_i_is_9fdeb09f-0a42-4a33-b337-0ae38817954c,,jo-malone-1 / jo-malone-3 / jo-malone-4,イングリッシュ ペアー & フリージア（Jo Malone）はどんな匂い？香調・持続・合うシーン｜Sillage,Jo Malone「イングリッシュ ペアー & フリージア」の香調(トップ・ミドル・ラスト)、季節・シーン、価格帯、Sillageの見立てをまとめています。,,9,香水濃度 / 容量 / おすすめする人 / おすすめしにくい人 / 注意点 / 香りプロフィール数値 / Amazonリンク / 公式リンク / 情報出典
marc-jacobs-1,Marc Jacobs,デイジー,,,"¥9,000前後",2007,ストロベリー・バイオレットリーフ,ジャスミン・ガーデニア,ムスク・ホワイトウッド,フローラル,デイリー / デート,春 / 夏,,,,,,https://hb.afl.rakuten.co.jp/hgc/g00quion.k90d6868.g00quion.k90d7b95/?pc=https%3A%2F%2Fitem.rakuten.co.jp%2Fosharecafe%2F5000547_1%2F&m=http%3A%2F%2Fm.rakuten.co.jp%2Fosharecafe%2Fi%2F10037514%2F&rafcid=wsc_i_is_9fdeb09f-0a42-4a33-b337-0ae38817954c,,ysl-2 / chanel-3 / dior-4,デイジー（Marc Jacobs）はどんな匂い？香調・持続・合うシーン｜Sillage,Marc Jacobs「デイジー」の香調(トップ・ミドル・ラスト)、季節・シーン、価格帯、Sillageの見立てをまとめています。,,9,香水濃度 / 容量 / おすすめする人 / おすすめしにくい人 / 注意点 / 香りプロフィール数値 / Amazonリンク / 公式リンク / 情報出典
jo-malone-3,Jo Malone,ピオニー & ブラッシュ スエード,,,"¥15,000前後",2013,レッドアップル,ピオニー,スエード,フローラル,デート / デイリー,春 / 夏,,,,,,https://hb.afl.rakuten.co.jp/hgc/g00sw7hn.k90d6e3d.g00sw7hn.k90d72dc/?pc=https%3A%2F%2Fitem.rakuten.co.jp%2Fjomalone%2F27028l3ae01%2F&m=http%3A%2F%2Fm.rakuten.co.jp%2Fjomalone%2Fi%2F10000040%2F&rafcid=wsc_i_is_9fdeb09f-0a42-4a33-b337-0ae38817954c,,jo-malone-1 / jo-malone-2 / jo-malone-4,ピオニー & ブラッシュ スエード（Jo Malone）はどんな匂い？香調・持続・合うシーン｜Sillage,Jo Malone「ピオニー & ブラッシュ スエード」の香調(トップ・ミドル・ラスト)、季節・シーン、価格帯、Sillageの見立てをまとめています。,,9,香水濃度 / 容量 / おすすめする人 / おすすめしにくい人 / 注意点 / 香りプロフィール数値 / Amazonリンク / 公式リンク / 情報出典
versace-1,Versace,エロス EDT,オードトワレ,50mL / 100mL,"¥6,000前後",2012,ミント・グリーンアップル・レモン,トンカ・ゼラニウム・アンブロキサン,バニラ・シダー,フルーティ,デート / デイリー,夏 / 春,ミントと果実の明るい香りを楽しみたい人 / 春夏のデートや普段使いに華やかさを足したい人,甘さを抑えたドライな香りを探している人,公式確認先は米国サイトです。日本国内の公式価格は掲載していません,,,https://hb.afl.rakuten.co.jp/hgc/g00pv5mn.k90d6eb3.g00pv5mn.k90d71f1/?pc=https%3A%2F%2Fitem.rakuten.co.jp%2Fkousuimonogatari%2Fver1191%2F&m=http%3A%2F%2Fm.rakuten.co.jp%2Fkousuimonogatari%2Fi%2F10037076%2F&rafcid=wsc_i_is_9fdeb09f-0a42-4a33-b337-0ae38817954c,https://www.versace.com/us/en/men/accessories/fragrances-body-care/eros/eros-edt-100-ml-blue/R740010-R100MLS_RTU_TU_RNUL__.html,versace-2 / versace-3 / versace-4,エロス EDT（Versace）はどんな匂い？香調・持続・合うシーン｜Sillage,Versace「エロス EDT」の香調(トップ・ミドル・ラスト)、季節・シーン、価格帯、Sillageの見立てをまとめています。,"[{""url"":""https://www.versace.com/us/en/men/accessories/fragrances-body-care/eros/eros-edt-100-ml-blue/R740010-R100MLS_RTU_TU_RNUL__.html"",""publisher"":""Versace"",""title"":""Eros EDT 100 ml"",""accessedAt"":""2026-07-18"",""supports"":[""concentration"",""sizes"",""notes""]}]",2,香りプロフィール数値 / Amazonリンク
versace-2,Versace,ディラン ブルー,,,"¥6,500前後",2017,ベルガモット・水生ノート,フィグ・ペッパー,ムスク・インセンス,フルーティ,デート / デイリー,夏 / 春,,,,,,https://hb.afl.rakuten.co.jp/hgc/g00pv5mn.k90d6eb3.g00pv5mn.k90d71f1/?pc=https%3A%2F%2Fitem.rakuten.co.jp%2Fkousuimonogatari%2Fver1321-sale%2F&m=http%3A%2F%2Fm.rakuten.co.jp%2Fkousuimonogatari%2Fi%2F10048333%2F&rafcid=wsc_i_is_9fdeb09f-0a42-4a33-b337-0ae38817954c,,versace-1 / versace-3 / versace-4,ディラン ブルー（Versace）はどんな匂い？香調・持続・合うシーン｜Sillage,Versace「ディラン ブルー」の香調(トップ・ミドル・ラスト)、季節・シーン、価格帯、Sillageの見立てをまとめています。,,9,香水濃度 / 容量 / おすすめする人 / おすすめしにくい人 / 注意点 / 香りプロフィール数値 / Amazonリンク / 公式リンク / 情報出典
azzaro-2,Azzaro,クローム,,,"¥4,500前後",1996,パイナップル・ローズマリー,ジャスミン・シクラメン,ムスク・シダー,フルーティ,デイリー / スポーツ,夏 / 春,,,,,,https://hb.afl.rakuten.co.jp/hgc/g00rf2sn.k90d6927.g00rf2sn.k90d73ba/?pc=https%3A%2F%2Fitem.rakuten.co.jp%2Fbesba%2Fazo-057%2F&m=http%3A%2F%2Fm.rakuten.co.jp%2Fbesba%2Fi%2F10024728%2F&rafcid=wsc_i_is_9fdeb09f-0a42-4a33-b337-0ae38817954c,,azzaro-1 / azzaro-3 / versace-1,クローム（Azzaro）はどんな匂い？香調・持続・合うシーン｜Sillage,Azzaro「クローム」の香調(トップ・ミドル・ラスト)、季節・シーン、価格帯、Sillageの見立てをまとめています。,,9,香水濃度 / 容量 / おすすめする人 / おすすめしにくい人 / 注意点 / 香りプロフィール数値 / Amazonリンク / 公式リンク / 情報出典
tom-ford-1,Tom Ford,トバコ バニラ,オード パルファム,10mL / 50mL / 100mL / 250mL,"¥30,000前後",2007,タバコリーフ・スパイス,トンカ・カカオ,バニラ・ドライフルーツ,グルマン,デート / フォーマル,冬,タバコとバニラの濃厚な甘さを楽しみたい人 / 冬の夜やフォーマルな装いに合わせたい人,軽やかなシトラスやマリン系を求める人,公式確認先は米国サイトです。日本国内の公式価格は掲載していません,,,,https://www.tomfordbeauty.com/products/tobacco-vanille-eau-de-parfum,tom-ford-2 / tom-ford-3 / mugler-1,トバコ バニラ（Tom Ford）はどんな匂い？香調・持続・合うシーン｜Sillage,Tom Ford「トバコ バニラ」の香調(トップ・ミドル・ラスト)、季節・シーン、価格帯、Sillageの見立てをまとめています。,"[{""url"":""https://www.tomfordbeauty.com/products/tobacco-vanille-eau-de-parfum"",""publisher"":""Tom Ford Beauty"",""title"":""Tobacco Vanille Eau de Parfum"",""accessedAt"":""2026-07-18"",""supports"":[""concentration"",""sizes"",""notes""]}]",3,香りプロフィール数値 / Amazonリンク / 楽天リンク
mugler-1,Mugler,エンジェル,,,"¥15,000前後",1992,ベルガモット・トロピカル,ハニー・キャラメル,パチョリ・チョコレート,グルマン,デート / デイリー,冬 / 秋,,,,,,https://hb.afl.rakuten.co.jp/hgc/g00ss3zn.k90d6334.g00ss3zn.k90d7b5a/?pc=https%3A%2F%2Fitem.rakuten.co.jp%2Fkousuiandco%2Fthi002-100%2F&m=http%3A%2F%2Fm.rakuten.co.jp%2Fkousuiandco%2Fi%2F10002751%2F&rafcid=wsc_i_is_9fdeb09f-0a42-4a33-b337-0ae38817954c,,tom-ford-1 / thierry-mugler-1 / jean-paul-gaultier-1,エンジェル（Mugler）はどんな匂い？香調・持続・合うシーン｜Sillage,Mugler「エンジェル」の香調(トップ・ミドル・ラスト)、季節・シーン、価格帯、Sillageの見立てをまとめています。,,9,香水濃度 / 容量 / おすすめする人 / おすすめしにくい人 / 注意点 / 香りプロフィール数値 / Amazonリンク / 公式リンク / 情報出典
thierry-mugler-1,Thierry Mugler,A*MEN,,,"¥9,000前後",1996,ラベンダー・ミント,コーヒー・キャラメル,パチョリ・タール,グルマン,デート / デイリー,冬 / 秋,,,,,,https://hb.afl.rakuten.co.jp/hgc/g00t5c4n.k90d68f1.g00t5c4n.k90d7d3e/?pc=https%3A%2F%2Fitem.rakuten.co.jp%2Fdiogreco%2Fmugler-amencologne-edt%2F&m=http%3A%2F%2Fm.rakuten.co.jp%2Fdiogreco%2Fi%2F10046635%2F&rafcid=wsc_i_is_9fdeb09f-0a42-4a33-b337-0ae38817954c,,tom-ford-1 / mugler-1 / jean-paul-gaultier-1,A*MEN（Thierry Mugler）はどんな匂い？香調・持続・合うシーン｜Sillage,Thierry Mugler「A*MEN」の香調(トップ・ミドル・ラスト)、季節・シーン、価格帯、Sillageの見立てをまとめています。,,9,香水濃度 / 容量 / おすすめする人 / おすすめしにくい人 / 注意点 / 香りプロフィール数値 / Amazonリンク / 公式リンク / 情報出典
jean-paul-gaultier-1,Jean Paul Gaultier,ル マル,,,"¥8,000前後",1995,ミント・ラベンダー,オレンジブロッサム・シナモン,バニラ・トンカ,グルマン,デート / デイリー,冬 / 秋,,,,,,,,tom-ford-1 / mugler-1 / thierry-mugler-1,ル マル（Jean Paul Gaultier）はどんな匂い？香調・持続・合うシーン｜Sillage,Jean Paul Gaultier「ル マル」の香調(トップ・ミドル・ラスト)、季節・シーン、価格帯、Sillageの見立てをまとめています。,,10,香水濃度 / 容量 / おすすめする人 / おすすめしにくい人 / 注意点 / 香りプロフィール数値 / Amazonリンク / 楽天リンク / 公式リンク / 情報出典
giorgio-armani-1,Giorgio Armani,ストロンガー ウィズ ユー,,,"¥9,000前後",2017,カルダモン・ピンクペッパー,セージ・栗,バニラ・アンバー,グルマン,デート / デイリー,冬 / 秋,,,,,,https://hb.afl.rakuten.co.jp/hgc/g00t2xcn.k90d6542.g00t2xcn.k90d7130/?pc=https%3A%2F%2Fitem.rakuten.co.jp%2Fstrawberrynet-beauty%2F235254%2F&m=http%3A%2F%2Fm.rakuten.co.jp%2Fstrawberrynet-beauty%2Fi%2F10032777%2F&rafcid=wsc_i_is_9fdeb09f-0a42-4a33-b337-0ae38817954c,,giorgio-armani-2 / giorgio-armani-3 / tom-ford-1,ストロンガー ウィズ ユー（Giorgio Armani）はどんな匂い？香調・持続・合うシーン｜Sillage,Giorgio Armani「ストロンガー ウィズ ユー」の香調(トップ・ミドル・ラスト)、季節・シーン、価格帯、Sillageの見立てをまとめています。,,9,香水濃度 / 容量 / おすすめする人 / おすすめしにくい人 / 注意点 / 香りプロフィール数値 / Amazonリンク / 公式リンク / 情報出典
viktor-rolf-1,Viktor&Rolf,スパイスボム エクストリーム,,,"¥10,000前後",2014,タバコ,シナモン・サフラン,バニラ・タバコ,グルマン,デート / フォーマル,冬,,,,,,https://hb.afl.rakuten.co.jp/hgc/g00pti0n.k90d63ce.g00pti0n.k90d7455/?pc=https%3A%2F%2Fitem.rakuten.co.jp%2Fbelmo%2Ffr3614270659706%2F&m=http%3A%2F%2Fm.rakuten.co.jp%2Fbelmo%2Fi%2F11574113%2F&rafcid=wsc_i_is_9fdeb09f-0a42-4a33-b337-0ae38817954c,,viktor-rolf-2 / tom-ford-1 / mugler-1,スパイスボム エクストリーム（Viktor&Rolf）はどんな匂い？香調・持続・合うシーン｜Sillage,Viktor&Rolf「スパイスボム エクストリーム」の香調(トップ・ミドル・ラスト)、季節・シーン、価格帯、Sillageの見立てをまとめています。,,9,香水濃度 / 容量 / おすすめする人 / おすすめしにくい人 / 注意点 / 香りプロフィール数値 / Amazonリンク / 公式リンク / 情報出典
prada-1,Prada,キャンディ,,,"¥13,000前後",2011,キャラメル・ベンゾイン,ムスク,バニラ,グルマン,デート / デイリー,冬 / 秋,,,,,,https://hb.afl.rakuten.co.jp/hgc/g00pv5mn.k90d6eb3.g00pv5mn.k90d71f1/?pc=https%3A%2F%2Fitem.rakuten.co.jp%2Fkousuimonogatari%2Fpra1123%2F&m=http%3A%2F%2Fm.rakuten.co.jp%2Fkousuimonogatari%2Fi%2F10038332%2F&rafcid=wsc_i_is_9fdeb09f-0a42-4a33-b337-0ae38817954c,,prada-2 / tom-ford-1 / mugler-1,キャンディ（Prada）はどんな匂い？香調・持続・合うシーン｜Sillage,Prada「キャンディ」の香調(トップ・ミドル・ラスト)、季節・シーン、価格帯、Sillageの見立てをまとめています。,,9,香水濃度 / 容量 / おすすめする人 / おすすめしにくい人 / 注意点 / 香りプロフィール数値 / Amazonリンク / 公式リンク / 情報出典
carolina-herrera-1,Carolina Herrera,バッドボーイ,,,"¥8,000前後",2019,ベルガモット・ブラックペッパー,セージ・シダー,ココア・トンカ,グルマン,デート / デイリー,秋 / 冬,,,,,,https://hb.afl.rakuten.co.jp/hgc/g00pti0n.k90d63ce.g00pti0n.k90d7455/?pc=https%3A%2F%2Fitem.rakuten.co.jp%2Fbelmo%2Ffr8411061962145%2F&m=http%3A%2F%2Fm.rakuten.co.jp%2Fbelmo%2Fi%2F11888306%2F&rafcid=wsc_i_is_9fdeb09f-0a42-4a33-b337-0ae38817954c,,tom-ford-1 / mugler-1 / thierry-mugler-1,バッドボーイ（Carolina Herrera）はどんな匂い？香調・持続・合うシーン｜Sillage,Carolina Herrera「バッドボーイ」の香調(トップ・ミドル・ラスト)、季節・シーン、価格帯、Sillageの見立てをまとめています。,,9,香水濃度 / 容量 / おすすめする人 / おすすめしにくい人 / 注意点 / 香りプロフィール数値 / Amazonリンク / 公式リンク / 情報出典
ysl-3,YSL,ブラック オピウム,,,"¥14,000前後",2014,ピンクペッパー・オレンジ,コーヒー・ジャスミン,バニラ・パチョリ,グルマン,デート / デイリー,秋 / 冬,,,,,,https://hb.afl.rakuten.co.jp/hgc/g00pti0n.k90d63ce.g00pti0n.k90d7455/?pc=https%3A%2F%2Fitem.rakuten.co.jp%2Fbelmo%2Ffr3614273256476%2F&m=http%3A%2F%2Fm.rakuten.co.jp%2Fbelmo%2Fi%2F11897368%2F&rafcid=wsc_i_is_9fdeb09f-0a42-4a33-b337-0ae38817954c,,ysl-1 / ysl-2 / ysl-4,ブラック オピウム（YSL）はどんな匂い？香調・持続・合うシーン｜Sillage,YSL「ブラック オピウム」の香調(トップ・ミドル・ラスト)、季節・シーン、価格帯、Sillageの見立てをまとめています。,,9,香水濃度 / 容量 / おすすめする人 / おすすめしにくい人 / 注意点 / 香りプロフィール数値 / Amazonリンク / 公式リンク / 情報出典
parfums-de-marly-1,Parfums de Marly,レイトン,,,"¥38,000前後",2016,アップル・ベルガモット・マンダリン,ラベンダー・すみれ・ゼラニウム,バニラ・サンダルウッド・ペッパー,グルマン,デート / フォーマル,秋 / 冬,,,,,,,,tom-ford-1 / mugler-1 / thierry-mugler-1,レイトン（Parfums de Marly）はどんな匂い？香調・持続・合うシーン｜Sillage,Parfums de Marly「レイトン」の香調(トップ・ミドル・ラスト)、季節・シーン、価格帯、Sillageの見立てをまとめています。,,10,香水濃度 / 容量 / おすすめする人 / おすすめしにくい人 / 注意点 / 香りプロフィール数値 / Amazonリンク / 楽天リンク / 公式リンク / 情報出典
maison-margiela-1,Maison Margiela,レプリカ ジャズクラブ,オードトワレ,10mL / 30mL / 100mL,"¥16,000前後",2013,ピンクペッパー・レモン,ラム・クラリセージ,タバコ・バニラ,アンバー,デート / デイリー,秋 / 冬,ラムとタバコの温かい香りを秋冬に楽しみたい人 / 日常に少し個性的なアンバー調を取り入れたい人,明るい柑橘だけの軽い香りを好む人,公式確認先は米国サイトです。日本国内の公式価格は掲載していません,,,https://hb.afl.rakuten.co.jp/hgc/g00pl3fn.k90d6b94.g00pl3fn.k90d70c3/?pc=https%3A%2F%2Fitem.rakuten.co.jp%2Fwish%2F10050360%2F&m=http%3A%2F%2Fm.rakuten.co.jp%2Fwish%2Fi%2F10056538%2F&rafcid=wsc_i_is_9fdeb09f-0a42-4a33-b337-0ae38817954c,https://www.maisonmargiela-fragrances.us/fragrances/replica/replica-jazz-club/MM008.html,maison-margiela-2 / dior-5 / paco-rabanne-2,レプリカ ジャズクラブ（Maison Margiela）はどんな匂い？香調・持続・合うシーン｜Sillage,Maison Margiela「レプリカ ジャズクラブ」の香調(トップ・ミドル・ラスト)、季節・シーン、価格帯、Sillageの見立てをまとめています。,"[{""url"":""https://www.maisonmargiela-fragrances.us/fragrances/replica/replica-jazz-club/MM008.html"",""publisher"":""Maison Margiela Fragrances"",""title"":""REPLICA Jazz Club"",""accessedAt"":""2026-07-18"",""supports"":[""concentration"",""sizes"",""notes""]}]",2,香りプロフィール数値 / Amazonリンク
dior-5,Dior,ソヴァージュ エリクシール,,,"¥18,000前後",2021,シナモン・カルダモン・ナツメグ,ラベンダー,アンバー・リコリス,アンバー,デート / フォーマル,冬 / 秋,,,,,,https://hb.afl.rakuten.co.jp/hgc/g00pu2mn.k90d68f9.g00pu2mn.k90d7381/?pc=https%3A%2F%2Fitem.rakuten.co.jp%2Fcosmelink%2F3348901567572%2F&m=http%3A%2F%2Fm.rakuten.co.jp%2Fcosmelink%2Fi%2F10073737%2F&rafcid=wsc_i_is_9fdeb09f-0a42-4a33-b337-0ae38817954c,,dior-1 / dior-2 / dior-3,ソヴァージュ エリクシール（Dior）はどんな匂い？香調・持続・合うシーン｜Sillage,Dior「ソヴァージュ エリクシール」の香調(トップ・ミドル・ラスト)、季節・シーン、価格帯、Sillageの見立てをまとめています。,,9,香水濃度 / 容量 / おすすめする人 / おすすめしにくい人 / 注意点 / 香りプロフィール数値 / Amazonリンク / 公式リンク / 情報出典
paco-rabanne-2,Paco Rabanne,1 ミリオン,,,"¥7,000前後",2008,グレープフルーツ・ミント,ローズ・シナモン,レザー・アンバー,アンバー,デート / デイリー,秋 / 冬,,,,,,,,paco-rabanne-1 / paco-rabanne-3 / maison-margiela-1,1 ミリオン（Paco Rabanne）はどんな匂い？香調・持続・合うシーン｜Sillage,Paco Rabanne「1 ミリオン」の香調(トップ・ミドル・ラスト)、季節・シーン、価格帯、Sillageの見立てをまとめています。,,10,香水濃度 / 容量 / おすすめする人 / おすすめしにくい人 / 注意点 / 香りプロフィール数値 / Amazonリンク / 楽天リンク / 公式リンク / 情報出典
bvlgari-1,Bvlgari,マン イン ブラック,,,"¥12,000前後",2014,ラム・スパイス,レザー・チュベローズ,トンカ・アンバー,アンバー,デート / フォーマル,冬 / 秋,,,,,,https://hb.afl.rakuten.co.jp/hgc/g00ss3zn.k90d6334.g00ss3zn.k90d7b5a/?pc=https%3A%2F%2Fitem.rakuten.co.jp%2Fkousuiandco%2Fpage-bvl025-060%2F&m=http%3A%2F%2Fm.rakuten.co.jp%2Fkousuiandco%2Fi%2F10015694%2F&rafcid=wsc_i_is_9fdeb09f-0a42-4a33-b337-0ae38817954c,,bvlgari-2 / bvlgari-3 / maison-margiela-1,マン イン ブラック（Bvlgari）はどんな匂い？香調・持続・合うシーン｜Sillage,Bvlgari「マン イン ブラック」の香調(トップ・ミドル・ラスト)、季節・シーン、価格帯、Sillageの見立てをまとめています。,,9,香水濃度 / 容量 / おすすめする人 / おすすめしにくい人 / 注意点 / 香りプロフィール数値 / Amazonリンク / 公式リンク / 情報出典
ysl-4,YSL,ラ ニュイ ドゥ ロム,,,"¥13,000前後",2009,カルダモン,ラベンダー・ベルガモット,シダー・ベチバー,アンバー,デート / フォーマル,秋 / 冬,,,,,,,,ysl-1 / ysl-2 / ysl-3,ラ ニュイ ドゥ ロム（YSL）はどんな匂い？香調・持続・合うシーン｜Sillage,YSL「ラ ニュイ ドゥ ロム」の香調(トップ・ミドル・ラスト)、季節・シーン、価格帯、Sillageの見立てをまとめています。,,10,香水濃度 / 容量 / おすすめする人 / おすすめしにくい人 / 注意点 / 香りプロフィール数値 / Amazonリンク / 楽天リンク / 公式リンク / 情報出典
viktor-rolf-2,Viktor&Rolf,スパイスボム,,,"¥9,000前後",2012,ベルガモット・グレープフルーツ,シナモン・レザー,タバコ・ベチバー,アンバー,デート / デイリー,冬 / 秋,,,,,,https://hb.afl.rakuten.co.jp/hgc/g00t2xcn.k90d6542.g00t2xcn.k90d7130/?pc=https%3A%2F%2Fitem.rakuten.co.jp%2Fstrawberrynet-beauty%2F138493%2F&m=http%3A%2F%2Fm.rakuten.co.jp%2Fstrawberrynet-beauty%2Fi%2F10019158%2F&rafcid=wsc_i_is_9fdeb09f-0a42-4a33-b337-0ae38817954c,,viktor-rolf-1 / maison-margiela-1 / dior-5,スパイスボム（Viktor&Rolf）はどんな匂い？香調・持続・合うシーン｜Sillage,Viktor&Rolf「スパイスボム」の香調(トップ・ミドル・ラスト)、季節・シーン、価格帯、Sillageの見立てをまとめています。,,9,香水濃度 / 容量 / おすすめする人 / おすすめしにくい人 / 注意点 / 香りプロフィール数値 / Amazonリンク / 公式リンク / 情報出典
dolce-gabbana-2,Dolce&Gabbana,ザ ワン フォー メン,,,"¥8,000前後",2008,グレープフルーツ・バジル,カルダモン・ジンジャー,タバコ・アンバー,アンバー,ビジネス / デート,秋 / 冬,,,,,,,,dolce-gabbana-1 / maison-margiela-1 / dior-5,ザ ワン フォー メン（Dolce&Gabbana）はどんな匂い？香調・持続・合うシーン｜Sillage,Dolce&Gabbana「ザ ワン フォー メン」の香調(トップ・ミドル・ラスト)、季節・シーン、価格帯、Sillageの見立てをまとめています。,,10,香水濃度 / 容量 / おすすめする人 / おすすめしにくい人 / 注意点 / 香りプロフィール数値 / Amazonリンク / 楽天リンク / 公式リンク / 情報出典
azzaro-3,Azzaro,ワンテッド,,,"¥6,500前後",2016,ジンジャー・レモン,カルダモン・サフラン,トンカ・ベチバー,アンバー,デート / デイリー,秋 / 冬,,,,,,,,azzaro-1 / azzaro-2 / maison-margiela-1,ワンテッド（Azzaro）はどんな匂い？香調・持続・合うシーン｜Sillage,Azzaro「ワンテッド」の香調(トップ・ミドル・ラスト)、季節・シーン、価格帯、Sillageの見立てをまとめています。,,10,香水濃度 / 容量 / おすすめする人 / おすすめしにくい人 / 注意点 / 香りプロフィール数値 / Amazonリンク / 楽天リンク / 公式リンク / 情報出典
maison-francis-kurkdjian-1,Maison Francis Kurkdjian,バカラ ルージュ 540,,,"¥35,000前後",2014,サフラン・ジャスミン,アンバーウッド・シダー,ファーレザー・オークモス,アンバー,デート / フォーマル,秋 / 冬,,,,,,https://hb.afl.rakuten.co.jp/hgc/g00ss3zn.k90d6334.g00ss3zn.k90d7b5a/?pc=https%3A%2F%2Fitem.rakuten.co.jp%2Fkousuiandco%2Fmai005-200%2F&m=http%3A%2F%2Fm.rakuten.co.jp%2Fkousuiandco%2Fi%2F10007724%2F&rafcid=wsc_i_is_9fdeb09f-0a42-4a33-b337-0ae38817954c,,maison-margiela-1 / dior-5 / paco-rabanne-2,バカラ ルージュ 540（Maison Francis Kurkdjian）はどんな匂い？香調・持続・合うシーン｜Sillage,Maison Francis Kurkdjian「バカラ ルージュ 540」の香調(トップ・ミドル・ラスト)、季節・シーン、価格帯、Sillageの見立てをまとめています。,,9,香水濃度 / 容量 / おすすめする人 / おすすめしにくい人 / 注意点 / 香りプロフィール数値 / Amazonリンク / 公式リンク / 情報出典
versace-3,Versace,エロス フレイム,,,"¥7,000前後",2018,マンダリン・レモン・ブラックペッパー,ローズ・ゼラニウム・ローズマリー,トンカ・バニラ・サンダルウッド,アンバー,デート / デイリー,秋 / 冬,,,,,,https://hb.afl.rakuten.co.jp/hgc/g00pv5mn.k90d6eb3.g00pv5mn.k90d71f1/?pc=https%3A%2F%2Fitem.rakuten.co.jp%2Fkousuimonogatari%2Fver1333%2F&m=http%3A%2F%2Fm.rakuten.co.jp%2Fkousuimonogatari%2Fi%2F10049546%2F&rafcid=wsc_i_is_9fdeb09f-0a42-4a33-b337-0ae38817954c,,versace-1 / versace-2 / versace-4,エロス フレイム（Versace）はどんな匂い？香調・持続・合うシーン｜Sillage,Versace「エロス フレイム」の香調(トップ・ミドル・ラスト)、季節・シーン、価格帯、Sillageの見立てをまとめています。,,9,香水濃度 / 容量 / おすすめする人 / おすすめしにくい人 / 注意点 / 香りプロフィール数値 / Amazonリンク / 公式リンク / 情報出典
chanel-4,Chanel,ブルー ドゥ シャネル EDP,,,"¥15,000前後",2014,グレープフルーツ・レモン・ミント,ジンジャー・ジャスミン,サンダルウッド・シダー,ウッディ,ビジネス / フォーマル,秋 / 冬,,,,,,https://hb.afl.rakuten.co.jp/hgc/g00svf6n.k90d68b6.g00svf6n.k90d7eab/?pc=https%3A%2F%2Fitem.rakuten.co.jp%2Fbrilliantworld%2Fchanel-blue-edp%2F&m=http%3A%2F%2Fm.rakuten.co.jp%2Fbrilliantworld%2Fi%2F10001493%2F&rafcid=wsc_i_is_9fdeb09f-0a42-4a33-b337-0ae38817954c,,chanel-1 / chanel-2 / chanel-3,ブルー ドゥ シャネル EDP（Chanel）はどんな匂い？香調・持続・合うシーン｜Sillage,Chanel「ブルー ドゥ シャネル EDP」の香調(トップ・ミドル・ラスト)、季節・シーン、価格帯、Sillageの見立てをまとめています。,,9,香水濃度 / 容量 / おすすめする人 / おすすめしにくい人 / 注意点 / 香りプロフィール数値 / Amazonリンク / 公式リンク / 情報出典
tom-ford-2,Tom Ford,オード ウッド,,,"¥28,000前後",2007,ローズウッド・カルダモン,ウード・サンダルウッド,バニラ・アンバー,ウッディ,フォーマル / デート,秋 / 冬,,,,,,https://hb.afl.rakuten.co.jp/hgc/g00pu2mn.k90d68f9.g00pu2mn.k90d7381/?pc=https%3A%2F%2Fitem.rakuten.co.jp%2Fcosmelink%2F1059081924%2F&m=http%3A%2F%2Fm.rakuten.co.jp%2Fcosmelink%2Fi%2F10079438%2F&rafcid=wsc_i_is_9fdeb09f-0a42-4a33-b337-0ae38817954c,,tom-ford-1 / tom-ford-3 / chanel-4,オード ウッド（Tom Ford）はどんな匂い？香調・持続・合うシーン｜Sillage,Tom Ford「オード ウッド」の香調(トップ・ミドル・ラスト)、季節・シーン、価格帯、Sillageの見立てをまとめています。,,9,香水濃度 / 容量 / おすすめする人 / おすすめしにくい人 / 注意点 / 香りプロフィール数値 / Amazonリンク / 公式リンク / 情報出典
hermes-3,Hermès,テール ド エルメス,オー ド トワレ,50mL,50mL 14190円,2006,オレンジ・グレープフルーツ,ペッパー・ゼラニウム,ベチバー・シダー,ウッディ,ビジネス / フォーマル,秋 / 春,ドライなウッディ系を仕事やフォーマルで使いたい人 / 柑橘から木質へ移る香りを好む人,バニラ主体の甘い香りを求める人,50mL以外の国内参考価格は今回の確認対象に含めていません,,,,https://www.hermes.com/jp/ja/product/%E3%82%AA%E3%83%BC-%E3%83%89-%E3%83%88%E3%83%AF%E3%83%AC-%E3%80%8A%E3%83%86%E3%83%BC%E3%83%AB-%E3%83%89%E3%82%A5-%E3%82%A8%E3%83%AB%E3%83%A1%E3%82%B9%E3%80%8B-V107189V0/,hermes-1 / hermes-2 / chanel-4,テール ド エルメス（Hermès）はどんな匂い？香調・持続・合うシーン｜Sillage,Hermès「テール ド エルメス」の香調(トップ・ミドル・ラスト)、季節・シーン、価格帯、Sillageの見立てをまとめています。,"[{""url"":""https://www.hermes.com/jp/ja/product/%E3%82%AA%E3%83%BC-%E3%83%89-%E3%83%88%E3%83%AF%E3%83%AC-%E3%80%8A%E3%83%86%E3%83%BC%E3%83%AB-%E3%83%89%E3%82%A5-%E3%82%A8%E3%83%AB%E3%83%A1%E3%82%B9%E3%80%8B-V107189V0/"",""publisher"":""Hermès"",""title"":""オー ド トワレ《テール ドゥ エルメス》50 ml"",""accessedAt"":""2026-07-18"",""supports"":[""concentration"",""sizes""]}]",3,香りプロフィール数値 / Amazonリンク / 楽天リンク
dior-6,Dior,ファーレンハイト,,,"¥14,000前後",1988,マンダリン・サンザシ,すみれ・ナツメグ,レザー・ベチバー,ウッディ,フォーマル / デート,秋 / 冬,,,,,,https://hb.afl.rakuten.co.jp/hgc/g00pu2mn.k90d68f9.g00pu2mn.k90d7381/?pc=https%3A%2F%2Fitem.rakuten.co.jp%2Fcosmelink%2F3348900012219%2F&m=http%3A%2F%2Fm.rakuten.co.jp%2Fcosmelink%2Fi%2F10050667%2F&rafcid=wsc_i_is_9fdeb09f-0a42-4a33-b337-0ae38817954c,,dior-1 / dior-2 / dior-3,ファーレンハイト（Dior）はどんな匂い？香調・持続・合うシーン｜Sillage,Dior「ファーレンハイト」の香調(トップ・ミドル・ラスト)、季節・シーン、価格帯、Sillageの見立てをまとめています。,,9,香水濃度 / 容量 / おすすめする人 / おすすめしにくい人 / 注意点 / 香りプロフィール数値 / Amazonリンク / 公式リンク / 情報出典
creed-1,Creed,アバントゥス,,,"¥45,000前後",2010,パイナップル・ベルガモット,バーチ・ジャスミン,ムスク・オークモス,ウッディ,ビジネス / フォーマル,春 / 秋,,,,,,https://hb.afl.rakuten.co.jp/hgc/g00ss3zn.k90d6334.g00ss3zn.k90d7b5a/?pc=https%3A%2F%2Fitem.rakuten.co.jp%2Fkousuiandco%2Fcre008-050%2F&m=http%3A%2F%2Fm.rakuten.co.jp%2Fkousuiandco%2Fi%2F10011405%2F&rafcid=wsc_i_is_9fdeb09f-0a42-4a33-b337-0ae38817954c,,chanel-4 / tom-ford-2 / hermes-3,アバントゥス（Creed）はどんな匂い？香調・持続・合うシーン｜Sillage,Creed「アバントゥス」の香調(トップ・ミドル・ラスト)、季節・シーン、価格帯、Sillageの見立てをまとめています。,,9,香水濃度 / 容量 / おすすめする人 / おすすめしにくい人 / 注意点 / 香りプロフィール数値 / Amazonリンク / 公式リンク / 情報出典
giorgio-armani-2,Giorgio Armani,アルマーニ コード,,,"¥9,000前後",2004,ベルガモット・レモン,オリーブブロッサム・アニス,レザー・トンカ,ウッディ,デート / フォーマル,秋 / 冬,,,,,,https://hb.afl.rakuten.co.jp/hgc/g00u8bsn.k90d64f6.g00u8bsn.k90d7cb7/?pc=https%3A%2F%2Fitem.rakuten.co.jp%2Farmanibeauty%2Fjp-0110-arm%2F&m=http%3A%2F%2Fm.rakuten.co.jp%2Farmanibeauty%2Fi%2F10000166%2F&rafcid=wsc_i_is_9fdeb09f-0a42-4a33-b337-0ae38817954c,,giorgio-armani-1 / giorgio-armani-3 / chanel-4,アルマーニ コード（Giorgio Armani）はどんな匂い？香調・持続・合うシーン｜Sillage,Giorgio Armani「アルマーニ コード」の香調(トップ・ミドル・ラスト)、季節・シーン、価格帯、Sillageの見立てをまとめています。,,9,香水濃度 / 容量 / おすすめする人 / おすすめしにくい人 / 注意点 / 香りプロフィール数値 / Amazonリンク / 公式リンク / 情報出典
le-labo-1,Le Labo,サンタル 33,,,"¥30,000前後",2011,カルダモン・アイリス,バイオレット・アンブロックス,サンダルウッド・レザー,ウッディ,デイリー / フォーマル,秋 / 冬,,,,,,https://hb.afl.rakuten.co.jp/hgc/g00rs0cn.k90d6987.g00rs0cn.k90d76e3/?pc=https%3A%2F%2Fitem.rakuten.co.jp%2Frush-mall%2Flelabo-004%2F&m=http%3A%2F%2Fm.rakuten.co.jp%2Frush-mall%2Fi%2F10019277%2F&rafcid=wsc_i_is_9fdeb09f-0a42-4a33-b337-0ae38817954c,,le-labo-2 / chanel-4 / tom-ford-2,サンタル 33（Le Labo）はどんな匂い？香調・持続・合うシーン｜Sillage,Le Labo「サンタル 33」の香調(トップ・ミドル・ラスト)、季節・シーン、価格帯、Sillageの見立てをまとめています。,,9,香水濃度 / 容量 / おすすめする人 / おすすめしにくい人 / 注意点 / 香りプロフィール数値 / Amazonリンク / 公式リンク / 情報出典
diptyque-1,Diptyque,タムダオ,,,"¥22,000前後",2003,サイプレス・ローズ,サンダルウッド・シダー,アンバー・ムスク,ウッディ,デイリー / フォーマル,秋 / 冬,,,,,,https://hb.afl.rakuten.co.jp/hgc/g00ss3zn.k90d6334.g00ss3zn.k90d7b5a/?pc=https%3A%2F%2Fitem.rakuten.co.jp%2Fkousuiandco%2Fdip019-100%2F&m=http%3A%2F%2Fm.rakuten.co.jp%2Fkousuiandco%2Fi%2F10015556%2F&rafcid=wsc_i_is_9fdeb09f-0a42-4a33-b337-0ae38817954c,,chanel-4 / tom-ford-2 / hermes-3,タムダオ（Diptyque）はどんな匂い？香調・持続・合うシーン｜Sillage,Diptyque「タムダオ」の香調(トップ・ミドル・ラスト)、季節・シーン、価格帯、Sillageの見立てをまとめています。,,9,香水濃度 / 容量 / おすすめする人 / おすすめしにくい人 / 注意点 / 香りプロフィール数値 / Amazonリンク / 公式リンク / 情報出典
byredo-1,Byredo,ジプシー ウォーター,,,"¥25,000前後",2008,ベルガモット・ペッパー,パイン・インセンス,サンダルウッド・バニラ,ウッディ,デイリー / デート,秋 / 春,,,,,,https://hb.afl.rakuten.co.jp/hgc/g00pv5mn.k90d6eb3.g00pv5mn.k90d71f1/?pc=https%3A%2F%2Fitem.rakuten.co.jp%2Fkousuimonogatari%2Fbyr1001%2F&m=http%3A%2F%2Fm.rakuten.co.jp%2Fkousuimonogatari%2Fi%2F10049827%2F&rafcid=wsc_i_is_9fdeb09f-0a42-4a33-b337-0ae38817954c,,chanel-4 / tom-ford-2 / hermes-3,ジプシー ウォーター（Byredo）はどんな匂い？香調・持続・合うシーン｜Sillage,Byredo「ジプシー ウォーター」の香調(トップ・ミドル・ラスト)、季節・シーン、価格帯、Sillageの見立てをまとめています。,,9,香水濃度 / 容量 / おすすめする人 / おすすめしにくい人 / 注意点 / 香りプロフィール数値 / Amazonリンク / 公式リンク / 情報出典
dunhill-1,Dunhill,アイコン,,,"¥8,000前後",2015,ネロリ・ベルガモット,ラベンダー・ゼラニウム,ベチバー・レザー,ウッディ,ビジネス / フォーマル,秋 / 冬,,,,,,https://hb.afl.rakuten.co.jp/hgc/g00q3lln.k90d651b.g00q3lln.k90d77e2/?pc=https%3A%2F%2Fitem.rakuten.co.jp%2Fcosmetch%2F85715806406%2F&m=http%3A%2F%2Fm.rakuten.co.jp%2Fcosmetch%2Fi%2F10056188%2F&rafcid=wsc_i_is_9fdeb09f-0a42-4a33-b337-0ae38817954c,,chanel-4 / tom-ford-2 / hermes-3,アイコン（Dunhill）はどんな匂い？香調・持続・合うシーン｜Sillage,Dunhill「アイコン」の香調(トップ・ミドル・ラスト)、季節・シーン、価格帯、Sillageの見立てをまとめています。,,9,香水濃度 / 容量 / おすすめする人 / おすすめしにくい人 / 注意点 / 香りプロフィール数値 / Amazonリンク / 公式リンク / 情報出典
prada-2,Prada,ルオム,,,"¥13,000前後",2016,ネロリ・カルダモン,アイリス・ゼラニウム,アンバー・パチョリ,ウッディ,ビジネス / フォーマル,秋 / 春,,,,,,https://hb.afl.rakuten.co.jp/hgc/g00uvszn.k90d68a0.g00uvszn.k90d739a/?pc=https%3A%2F%2Fitem.rakuten.co.jp%2Fezcoshop%2F585029%2F&m=http%3A%2F%2Fm.rakuten.co.jp%2Fezcoshop%2Fi%2F10000026%2F&rafcid=wsc_i_is_9fdeb09f-0a42-4a33-b337-0ae38817954c,,prada-1 / chanel-4 / tom-ford-2,ルオム（Prada）はどんな匂い？香調・持続・合うシーン｜Sillage,Prada「ルオム」の香調(トップ・ミドル・ラスト)、季節・シーン、価格帯、Sillageの見立てをまとめています。,,9,香水濃度 / 容量 / おすすめする人 / おすすめしにくい人 / 注意点 / 香りプロフィール数値 / Amazonリンク / 公式リンク / 情報出典
john-varvatos-1,John Varvatos,アーティザン,,,"¥6,000前後",2009,クレメンタイン・バジル,シダー・タバコ,アンバー・スエード,ウッディ,デート / デイリー,秋 / 春,,,,,,,,chanel-4 / tom-ford-2 / hermes-3,アーティザン（John Varvatos）はどんな匂い？香調・持続・合うシーン｜Sillage,John Varvatos「アーティザン」の香調(トップ・ミドル・ラスト)、季節・シーン、価格帯、Sillageの見立てをまとめています。,,10,香水濃度 / 容量 / おすすめする人 / おすすめしにくい人 / 注意点 / 香りプロフィール数値 / Amazonリンク / 楽天リンク / 公式リンク / 情報出典
montblanc-2,Montblanc,エクスプローラー,,,"¥6,500前後",2019,ベルガモット・ピンクペッパー,ベチバー,パチョリ・レザー,ウッディ,ビジネス / デイリー,秋 / 冬,,,,,,https://hb.afl.rakuten.co.jp/hgc/g00r2fjn.k90d6872.g00r2fjn.k90d7745/?pc=https%3A%2F%2Fitem.rakuten.co.jp%2Fblanc-lapin%2Fmob1m0000009%2F&m=http%3A%2F%2Fm.rakuten.co.jp%2Fblanc-lapin%2Fi%2F10162421%2F&rafcid=wsc_i_is_9fdeb09f-0a42-4a33-b337-0ae38817954c,,montblanc-1 / chanel-4 / tom-ford-2,エクスプローラー（Montblanc）はどんな匂い？香調・持続・合うシーン｜Sillage,Montblanc「エクスプローラー」の香調(トップ・ミドル・ラスト)、季節・シーン、価格帯、Sillageの見立てをまとめています。,,9,香水濃度 / 容量 / おすすめする人 / おすすめしにくい人 / 注意点 / 香りプロフィール数値 / Amazonリンク / 公式リンク / 情報出典
jo-malone-4,Jo Malone,ウッドセージ & シーソルト,,,"¥15,000前後",2014,アンブレットシード,セージ,シーソルト,ウッディ,デイリー / ビジネス,春 / 夏,,,,,,https://hb.afl.rakuten.co.jp/hgc/g00sw7hn.k90d6e3d.g00sw7hn.k90d72dc/?pc=https%3A%2F%2Fitem.rakuten.co.jp%2Fjomalone%2F32241l41601%2F&m=http%3A%2F%2Fm.rakuten.co.jp%2Fjomalone%2Fi%2F10000825%2F&rafcid=wsc_i_is_9fdeb09f-0a42-4a33-b337-0ae38817954c,,jo-malone-1 / jo-malone-2 / jo-malone-3,ウッドセージ & シーソルト（Jo Malone）はどんな匂い？香調・持続・合うシーン｜Sillage,Jo Malone「ウッドセージ & シーソルト」の香調(トップ・ミドル・ラスト)、季節・シーン、価格帯、Sillageの見立てをまとめています。,,9,香水濃度 / 容量 / おすすめする人 / おすすめしにくい人 / 注意点 / 香りプロフィール数値 / Amazonリンク / 公式リンク / 情報出典
hugo-boss-1,Hugo Boss,ボス ボトルド,,,"¥5,500前後",1998,アップル・ベルガモット,シナモン・ゼラニウム,サンダルウッド・ベチバー,ウッディ,ビジネス / デイリー,秋 / 冬,,,,,,https://hb.afl.rakuten.co.jp/hgc/g00rf2sn.k90d6927.g00rf2sn.k90d73ba/?pc=https%3A%2F%2Fitem.rakuten.co.jp%2Fbesba%2Fhug-021%2F&m=http%3A%2F%2Fm.rakuten.co.jp%2Fbesba%2Fi%2F10011639%2F&rafcid=wsc_i_is_9fdeb09f-0a42-4a33-b337-0ae38817954c,,chanel-4 / tom-ford-2 / hermes-3,ボス ボトルド（Hugo Boss）はどんな匂い？香調・持続・合うシーン｜Sillage,Hugo Boss「ボス ボトルド」の香調(トップ・ミドル・ラスト)、季節・シーン、価格帯、Sillageの見立てをまとめています。,,9,香水濃度 / 容量 / おすすめする人 / おすすめしにくい人 / 注意点 / 香りプロフィール数値 / Amazonリンク / 公式リンク / 情報出典
dior-7,Dior,ディオール オム,,,"¥14,000前後",2005,カラブリアンベルガモット,アイリス・カカオ,ベチバー・レザー,ウッディ,フォーマル / デート,秋 / 冬,,,,,,https://hb.afl.rakuten.co.jp/hgc/g00pu2mn.k90d68f9.g00pu2mn.k90d7381/?pc=https%3A%2F%2Fitem.rakuten.co.jp%2Fcosmelink%2F3348901126342%2F&m=http%3A%2F%2Fm.rakuten.co.jp%2Fcosmelink%2Fi%2F10048884%2F&rafcid=wsc_i_is_9fdeb09f-0a42-4a33-b337-0ae38817954c,,dior-1 / dior-2 / dior-3,ディオール オム（Dior）はどんな匂い？香調・持続・合うシーン｜Sillage,Dior「ディオール オム」の香調(トップ・ミドル・ラスト)、季節・シーン、価格帯、Sillageの見立てをまとめています。,,9,香水濃度 / 容量 / おすすめする人 / おすすめしにくい人 / 注意点 / 香りプロフィール数値 / Amazonリンク / 公式リンク / 情報出典
givenchy-1,Givenchy,ジェントルマン ブシ,,,"¥9,000前後",2020,ペア・カルダモン,アイリス・ラベンダー,レザー・パチョリ,ウッディ,ビジネス / デート,秋 / 冬,,,,,,https://hb.afl.rakuten.co.jp/hgc/g00un4mn.k90d6881.g00un4mn.k90d7aed/?pc=https%3A%2F%2Fitem.rakuten.co.jp%2Fluxs%2F13800912004%2F&m=http%3A%2F%2Fm.rakuten.co.jp%2Fluxs%2Fi%2F10015560%2F&rafcid=wsc_i_is_9fdeb09f-0a42-4a33-b337-0ae38817954c,,chanel-4 / tom-ford-2 / hermes-3,ジェントルマン ブシ（Givenchy）はどんな匂い？香調・持続・合うシーン｜Sillage,Givenchy「ジェントルマン ブシ」の香調(トップ・ミドル・ラスト)、季節・シーン、価格帯、Sillageの見立てをまとめています。,,9,香水濃度 / 容量 / おすすめする人 / おすすめしにくい人 / 注意点 / 香りプロフィール数値 / Amazonリンク / 公式リンク / 情報出典
tom-ford-3,Tom Ford,ブラック オーキッド,,,"¥20,000前後",2006,トリュフ・ブラックカラント,オーキッド・スパイス,パチョリ・ヴェチバー,シプレ,フォーマル / デート,冬 / 秋,,,,,,https://hb.afl.rakuten.co.jp/hgc/g00pu2mn.k90d68f9.g00pu2mn.k90d7381/?pc=https%3A%2F%2Fitem.rakuten.co.jp%2Fcosmelink%2F1059000055%2F&m=http%3A%2F%2Fm.rakuten.co.jp%2Fcosmelink%2Fi%2F10078769%2F&rafcid=wsc_i_is_9fdeb09f-0a42-4a33-b337-0ae38817954c,,tom-ford-1 / tom-ford-2 / aramis-1,ブラック オーキッド（Tom Ford）はどんな匂い？香調・持続・合うシーン｜Sillage,Tom Ford「ブラック オーキッド」の香調(トップ・ミドル・ラスト)、季節・シーン、価格帯、Sillageの見立てをまとめています。,,9,香水濃度 / 容量 / おすすめする人 / おすすめしにくい人 / 注意点 / 香りプロフィール数値 / Amazonリンク / 公式リンク / 情報出典
aramis-1,Aramis,アラミス,,,"¥5,000前後",1965,ベルガモット・シナモン,パチョリ・レザー,オークモス・ベチバー,シプレ,フォーマル / ビジネス,秋 / 冬,,,,,,https://hb.afl.rakuten.co.jp/hgc/g00pv5mn.k90d6eb3.g00pv5mn.k90d71f1/?pc=https%3A%2F%2Fitem.rakuten.co.jp%2Fkousuimonogatari%2F1080332%2F&m=http%3A%2F%2Fm.rakuten.co.jp%2Fkousuimonogatari%2Fi%2F10013563%2F&rafcid=wsc_i_is_9fdeb09f-0a42-4a33-b337-0ae38817954c,,tom-ford-3 / chanel-5 / ysl-5,アラミス（Aramis）はどんな匂い？香調・持続・合うシーン｜Sillage,Aramis「アラミス」の香調(トップ・ミドル・ラスト)、季節・シーン、価格帯、Sillageの見立てをまとめています。,,9,香水濃度 / 容量 / おすすめする人 / おすすめしにくい人 / 注意点 / 香りプロフィール数値 / Amazonリンク / 公式リンク / 情報出典
chanel-5,Chanel,プール ムッシュ,,,"¥14,000前後",1955,レモン・ベルガモット,バジル・ジンジャー,ベチバー・オークモス,シプレ,フォーマル / ビジネス,秋 / 春,,,,,,https://hb.afl.rakuten.co.jp/hgc/g00pv5mn.k90d6eb3.g00pv5mn.k90d71f1/?pc=https%3A%2F%2Fitem.rakuten.co.jp%2Fkousuimonogatari%2F1184426%2F&m=http%3A%2F%2Fm.rakuten.co.jp%2Fkousuimonogatari%2Fi%2F10015068%2F&rafcid=wsc_i_is_9fdeb09f-0a42-4a33-b337-0ae38817954c,,chanel-1 / chanel-2 / chanel-3,プール ムッシュ（Chanel）はどんな匂い？香調・持続・合うシーン｜Sillage,Chanel「プール ムッシュ」の香調(トップ・ミドル・ラスト)、季節・シーン、価格帯、Sillageの見立てをまとめています。,,9,香水濃度 / 容量 / おすすめする人 / おすすめしにくい人 / 注意点 / 香りプロフィール数値 / Amazonリンク / 公式リンク / 情報出典
ysl-5,YSL,クロス,,,"¥12,000前後",1981,アルデヒド・ベルガモット,ゼラニウム・パチョリ,レザー・ムスク,シプレ,デート / フォーマル,秋 / 冬,,,,,,https://hb.afl.rakuten.co.jp/hgc/g00rv9hn.k90d606b.g00rv9hn.k90d794d/?pc=https%3A%2F%2Fitem.rakuten.co.jp%2Fbrandacross%2F158715%2F&m=http%3A%2F%2Fm.rakuten.co.jp%2Fbrandacross%2Fi%2F10012153%2F&rafcid=wsc_i_is_9fdeb09f-0a42-4a33-b337-0ae38817954c,,ysl-1 / ysl-2 / ysl-3,クロス（YSL）はどんな匂い？香調・持続・合うシーン｜Sillage,YSL「クロス」の香調(トップ・ミドル・ラスト)、季節・シーン、価格帯、Sillageの見立てをまとめています。,,9,香水濃度 / 容量 / おすすめする人 / おすすめしにくい人 / 注意点 / 香りプロフィール数値 / Amazonリンク / 公式リンク / 情報出典
guerlain-3,Guerlain,ミツコ,オーデパルファン,75mL,75mL 21010円,1919,ベルガモット・ピーチ,ジャスミン・ローズ,オークモス・スパイス,シプレ,フォーマル / デート,秋 / 冬,ピーチとシプレの対比を秋冬に楽しみたい人 / 歴史ある香りをフォーマルに合わせたい人,透明感のある軽いマリン系を求める人,公式オンラインでは確認時に在庫切れと表示されています,,,https://hb.afl.rakuten.co.jp/hgc/g00txi5n.k90d68cf.g00txi5n.k90d7a43/?pc=https%3A%2F%2Fitem.rakuten.co.jp%2Fhline-international%2F372656%2F&m=http%3A%2F%2Fm.rakuten.co.jp%2Fhline-international%2Fi%2F10048258%2F&rafcid=wsc_i_is_9fdeb09f-0a42-4a33-b337-0ae38817954c,https://www.guerlain.com/jp/ja-jp/p/les-legendaires-mitsouko---eau-de-parfum-024104.html,guerlain-1 / guerlain-2 / tom-ford-3,ミツコ（Guerlain）はどんな匂い？香調・持続・合うシーン｜Sillage,Guerlain「ミツコ」の香調(トップ・ミドル・ラスト)、季節・シーン、価格帯、Sillageの見立てをまとめています。,"[{""url"":""https://www.guerlain.com/jp/ja-jp/p/les-legendaires-mitsouko---eau-de-parfum-024104.html"",""publisher"":""Guerlain"",""title"":""ミツコ - オーデパルファン"",""accessedAt"":""2026-07-18"",""supports"":[""concentration"",""sizes"",""notes""]}]",2,香りプロフィール数値 / Amazonリンク
chanel-6,Chanel,アンテウス,,,"¥14,000前後",1981,レモン・プチグレン・タイム,カストリウム・パチョリ・ローズ,レザー・オークモス,シプレ,フォーマル / デート,秋 / 冬,,,,,,https://hb.afl.rakuten.co.jp/hgc/g00quion.k90d6868.g00quion.k90d7b95/?pc=https%3A%2F%2Fitem.rakuten.co.jp%2Fosharecafe%2F10002171%2F&m=http%3A%2F%2Fm.rakuten.co.jp%2Fosharecafe%2Fi%2F10002171%2F&rafcid=wsc_i_is_9fdeb09f-0a42-4a33-b337-0ae38817954c,,chanel-1 / chanel-2 / chanel-3,アンテウス（Chanel）はどんな匂い？香調・持続・合うシーン｜Sillage,Chanel「アンテウス」の香調(トップ・ミドル・ラスト)、季節・シーン、価格帯、Sillageの見立てをまとめています。,,9,香水濃度 / 容量 / おすすめする人 / おすすめしにくい人 / 注意点 / 香りプロフィール数値 / Amazonリンク / 公式リンク / 情報出典
shiro-1,SHIRO,サボン オードパルファン,オードパルファン,40mL,40mL 4180円,,アルデヒド・ベルガモット,ローズ・ミュゲ,ムスク・アンバー,ムスク,デイリー / ビジネス,春 / 夏,清潔感のある香りを日常や仕事で使いたい人 / 春夏にやさしい甘さを取り入れたい人,重厚なレザーやスモーキー系を求める人,公式オンラインでは確認時にSOLD OUT・入荷待ちと表示されています,,,https://hb.afl.rakuten.co.jp/hgc/g00t269n.k90d64bd.g00t269n.k90d7808/?pc=https%3A%2F%2Fitem.rakuten.co.jp%2Farianakosume%2F4580514122307%2F&m=http%3A%2F%2Fm.rakuten.co.jp%2Farianakosume%2Fi%2F10001708%2F&rafcid=wsc_i_is_9fdeb09f-0a42-4a33-b337-0ae38817954c,https://shiro-shiro.jp/item/12702.html,narciso-rodriguez-1 / le-labo-2 / maison-margiela-2,サボン オードパルファン（SHIRO）はどんな匂い？香調・持続・合うシーン｜Sillage,SHIRO「サボン オードパルファン」の香調(トップ・ミドル・ラスト)、季節・シーン、価格帯、Sillageの見立てをまとめています。,"[{""url"":""https://shiro-shiro.jp/item/12702.html"",""publisher"":""SHIRO"",""title"":""サボン オードパルファン"",""accessedAt"":""2026-07-18"",""supports"":[""concentration"",""sizes""]}]",3,発売年 / 香りプロフィール数値 / Amazonリンク
narciso-rodriguez-1,Narciso Rodriguez,フォー ハー,,,"¥12,000前後",2003,オレンジブロッサム,ムスク・アンバー,パチョリ・バニラ,ムスク,デート / デイリー,春 / 秋,,,,,,https://hb.afl.rakuten.co.jp/hgc/g00pu2mn.k90d68f9.g00pu2mn.k90d7381/?pc=https%3A%2F%2Fitem.rakuten.co.jp%2Fcosmelink%2F3423478515956%2F&m=http%3A%2F%2Fm.rakuten.co.jp%2Fcosmelink%2Fi%2F10075215%2F&rafcid=wsc_i_is_9fdeb09f-0a42-4a33-b337-0ae38817954c,,narciso-rodriguez-2 / shiro-1 / le-labo-2,フォー ハー（Narciso Rodriguez）はどんな匂い？香調・持続・合うシーン｜Sillage,Narciso Rodriguez「フォー ハー」の香調(トップ・ミドル・ラスト)、季節・シーン、価格帯、Sillageの見立てをまとめています。,,9,香水濃度 / 容量 / おすすめする人 / おすすめしにくい人 / 注意点 / 香りプロフィール数値 / Amazonリンク / 公式リンク / 情報出典
le-labo-2,Le Labo,アナザー 13,,,"¥30,000前後",2010,アンブロックス・アルデヒド,ジャスミン,アンバー・ムスク,ムスク,デイリー / ビジネス,春 / 夏,,,,,,https://hb.afl.rakuten.co.jp/hgc/g00uaebn.k90d67ee.g00uaebn.k90d7d30/?pc=https%3A%2F%2Fitem.rakuten.co.jp%2Fhewuakaneshop%2F2023061406%2F&m=http%3A%2F%2Fm.rakuten.co.jp%2Fhewuakaneshop%2Fi%2F10000872%2F&rafcid=wsc_i_is_9fdeb09f-0a42-4a33-b337-0ae38817954c,,le-labo-1 / shiro-1 / narciso-rodriguez-1,アナザー 13（Le Labo）はどんな匂い？香調・持続・合うシーン｜Sillage,Le Labo「アナザー 13」の香調(トップ・ミドル・ラスト)、季節・シーン、価格帯、Sillageの見立てをまとめています。,,9,香水濃度 / 容量 / おすすめする人 / おすすめしにくい人 / 注意点 / 香りプロフィール数値 / Amazonリンク / 公式リンク / 情報出典
maison-margiela-2,Maison Margiela,レイジー サンデー モーニング,,,"¥16,000前後",2012,アルデヒド・洋ナシ,アイリス・ローズ,ムスク・パチョリ,ムスク,デイリー,春 / 夏,,,,,,https://hb.afl.rakuten.co.jp/hgc/g00snpon.k90d69e1.g00snpon.k90d7baa/?pc=https%3A%2F%2Fitem.rakuten.co.jp%2Fcosmediva%2F3605521932464%2F&m=http%3A%2F%2Fm.rakuten.co.jp%2Fcosmediva%2Fi%2F10007191%2F&rafcid=wsc_i_is_9fdeb09f-0a42-4a33-b337-0ae38817954c,,maison-margiela-1 / shiro-1 / narciso-rodriguez-1,レイジー サンデー モーニング（Maison Margiela）はどんな匂い？香調・持続・合うシーン｜Sillage,Maison Margiela「レイジー サンデー モーニング」の香調(トップ・ミドル・ラスト)、季節・シーン、価格帯、Sillageの見立てをまとめています。,,9,香水濃度 / 容量 / おすすめする人 / おすすめしにくい人 / 注意点 / 香りプロフィール数値 / Amazonリンク / 公式リンク / 情報出典
narciso-rodriguez-2,Narciso Rodriguez,フォー ヒム,,,"¥11,000前後",2007,バイオレットリーフ,ムスク,アンバー・パチョリ,ムスク,ビジネス / デート,春 / 秋,,,,,,https://hb.afl.rakuten.co.jp/hgc/g00txi5n.k90d68cf.g00txi5n.k90d7a43/?pc=https%3A%2F%2Fitem.rakuten.co.jp%2Fhline-international%2F762566%2F&m=http%3A%2F%2Fm.rakuten.co.jp%2Fhline-international%2Fi%2F10050717%2F&rafcid=wsc_i_is_9fdeb09f-0a42-4a33-b337-0ae38817954c,,narciso-rodriguez-1 / shiro-1 / le-labo-2,フォー ヒム（Narciso Rodriguez）はどんな匂い？香調・持続・合うシーン｜Sillage,Narciso Rodriguez「フォー ヒム」の香調(トップ・ミドル・ラスト)、季節・シーン、価格帯、Sillageの見立てをまとめています。,,9,香水濃度 / 容量 / おすすめする人 / おすすめしにくい人 / 注意点 / 香りプロフィール数値 / Amazonリンク / 公式リンク / 情報出典
glossier-1,Glossier,ユー,,,"¥9,000前後",2017,ピンクペッパー,アイリス,アンブレットムスク,ムスク,デイリー / デート,春 / 夏,,,,,,https://hb.afl.rakuten.co.jp/hgc/g00rsgyn.k90d6eeb.g00rsgyn.k90d7777/?pc=https%3A%2F%2Fitem.rakuten.co.jp%2Famericana%2Fjm0000398%2F&m=http%3A%2F%2Fm.rakuten.co.jp%2Famericana%2Fi%2F10045978%2F&rafcid=wsc_i_is_9fdeb09f-0a42-4a33-b337-0ae38817954c,,shiro-1 / narciso-rodriguez-1 / le-labo-2,ユー（Glossier）はどんな匂い？香調・持続・合うシーン｜Sillage,Glossier「ユー」の香調(トップ・ミドル・ラスト)、季節・シーン、価格帯、Sillageの見立てをまとめています。,,9,香水濃度 / 容量 / おすすめする人 / おすすめしにくい人 / 注意点 / 香りプロフィール数値 / Amazonリンク / 公式リンク / 情報出典
bvlgari-2,Bvlgari,ブルガリ プールオム,,,"¥6,000前後",1996,ダージリンティー・ベルガモット,シダー・ペッパー,ムスク・トンカ,ムスク,ビジネス / デイリー,春 / 夏,,,,,,https://hb.afl.rakuten.co.jp/hgc/g00uj2in.k90d63df.g00uj2in.k90d72df/?pc=https%3A%2F%2Fitem.rakuten.co.jp%2Fdreamlifejapan%2Fdl0007-1%2F&m=http%3A%2F%2Fm.rakuten.co.jp%2Fdreamlifejapan%2Fi%2F10000013%2F&rafcid=wsc_i_is_9fdeb09f-0a42-4a33-b337-0ae38817954c,,bvlgari-1 / bvlgari-3 / shiro-1,ブルガリ プールオム（Bvlgari）はどんな匂い？香調・持続・合うシーン｜Sillage,Bvlgari「ブルガリ プールオム」の香調(トップ・ミドル・ラスト)、季節・シーン、価格帯、Sillageの見立てをまとめています。,,9,香水濃度 / 容量 / おすすめする人 / おすすめしにくい人 / 注意点 / 香りプロフィール数値 / Amazonリンク / 公式リンク / 情報出典
aesop-1,Aesop,タシット,オードパルファム,50mL,50mL 17930円,,バジル・ユズ,ヴェチバー,クローブ,アクアティック,ビジネス / デイリー,夏 / 春,ユズとバジルの植物的な清涼感を楽しみたい人 / 春夏の仕事や日常に合わせたい人,濃厚なバニラ系の甘さを求める人,公式サイトでは確認時に在庫切れと表示されています,,,https://hb.afl.rakuten.co.jp/hgc/g00s3q0n.k90d68a5.g00s3q0n.k90d785c/?pc=https%3A%2F%2Fitem.rakuten.co.jp%2Fcosme-venus%2F9319944006568%2F&m=http%3A%2F%2Fm.rakuten.co.jp%2Fcosme-venus%2Fi%2F10007554%2F&rafcid=wsc_i_is_9fdeb09f-0a42-4a33-b337-0ae38817954c,https://www.aesop.com/jp/p/fragrance/fresh/tacit-eau-de-parfum/,davidoff-1 / giorgio-armani-3 / issey-miyake-1,タシット（Aesop）はどんな匂い？香調・持続・合うシーン｜Sillage,Aesop「タシット」の香調(トップ・ミドル・ラスト)、季節・シーン、価格帯、Sillageの見立てをまとめています。,"[{""url"":""https://www.aesop.com/jp/c/fragrance/"",""publisher"":""Aesop"",""title"":""イソップのフレグランス｜タシット オードパルファム"",""accessedAt"":""2026-07-18"",""supports"":[""concentration"",""sizes""]}]",3,発売年 / 香りプロフィール数値 / Amazonリンク
davidoff-1,Davidoff,クール ウォーター,,,"¥2,500前後",1988,ミント・ラベンダー,サンダルウッド・ネロリ,ムスク・シダー,アクアティック,デイリー / スポーツ,夏 / 春,,,,,,https://hb.afl.rakuten.co.jp/hgc/g00ss3zn.k90d6334.g00ss3zn.k90d7b5a/?pc=https%3A%2F%2Fitem.rakuten.co.jp%2Fkousuiandco%2Fpage-dav002-200%2F&m=http%3A%2F%2Fm.rakuten.co.jp%2Fkousuiandco%2Fi%2F10003698%2F&rafcid=wsc_i_is_9fdeb09f-0a42-4a33-b337-0ae38817954c,,aesop-1 / giorgio-armani-3 / issey-miyake-1,クール ウォーター（Davidoff）はどんな匂い？香調・持続・合うシーン｜Sillage,Davidoff「クール ウォーター」の香調(トップ・ミドル・ラスト)、季節・シーン、価格帯、Sillageの見立てをまとめています。,,9,香水濃度 / 容量 / おすすめする人 / おすすめしにくい人 / 注意点 / 香りプロフィール数値 / Amazonリンク / 公式リンク / 情報出典
giorgio-armani-3,Giorgio Armani,アクア ディ ジオ,,,"¥11,000前後",1996,マリンノート・ベルガモット,ローズマリー・ジャスミン,パチョリ・ムスク,アクアティック,ビジネス / スポーツ,夏 / 春,,,,,,https://hb.afl.rakuten.co.jp/hgc/g00pv5mn.k90d6eb3.g00pv5mn.k90d71f1/?pc=https%3A%2F%2Fitem.rakuten.co.jp%2Fkousuimonogatari%2F924377%2F&m=http%3A%2F%2Fm.rakuten.co.jp%2Fkousuimonogatari%2Fi%2F10012567%2F&rafcid=wsc_i_is_9fdeb09f-0a42-4a33-b337-0ae38817954c,,giorgio-armani-1 / giorgio-armani-2 / aesop-1,アクア ディ ジオ（Giorgio Armani）はどんな匂い？香調・持続・合うシーン｜Sillage,Giorgio Armani「アクア ディ ジオ」の香調(トップ・ミドル・ラスト)、季節・シーン、価格帯、Sillageの見立てをまとめています。,,9,香水濃度 / 容量 / おすすめする人 / おすすめしにくい人 / 注意点 / 香りプロフィール数値 / Amazonリンク / 公式リンク / 情報出典
issey-miyake-1,Issey Miyake,ロードゥ イッセイ プールオム,,,"¥5,500前後",1994,ユズ・ベルガモット,シナモン・サフラン,ベチバー・サンダルウッド,アクアティック,ビジネス / デイリー,夏 / 春,,,,,,https://hb.afl.rakuten.co.jp/hgc/g00pv5mn.k90d6eb3.g00pv5mn.k90d71f1/?pc=https%3A%2F%2Fitem.rakuten.co.jp%2Fkousuimonogatari%2Fiss1521%2F&m=http%3A%2F%2Fm.rakuten.co.jp%2Fkousuimonogatari%2Fi%2F10049238%2F&rafcid=wsc_i_is_9fdeb09f-0a42-4a33-b337-0ae38817954c,,aesop-1 / davidoff-1 / giorgio-armani-3,ロードゥ イッセイ プールオム（Issey Miyake）はどんな匂い？香調・持続・合うシーン｜Sillage,Issey Miyake「ロードゥ イッセイ プールオム」の香調(トップ・ミドル・ラスト)、季節・シーン、価格帯、Sillageの見立てをまとめています。,,9,香水濃度 / 容量 / おすすめする人 / おすすめしにくい人 / 注意点 / 香りプロフィール数値 / Amazonリンク / 公式リンク / 情報出典
paco-rabanne-3,Paco Rabanne,インヴィクタス,,,"¥7,000前後",2013,グレープフルーツ・マリンノート,ベイリーフ・ジャスミン,アンバーグリス・オークモス,アクアティック,スポーツ / デイリー,夏 / 春,,,,,,https://hb.afl.rakuten.co.jp/hgc/g00pl3fn.k90d6b94.g00pl3fn.k90d70c3/?pc=https%3A%2F%2Fitem.rakuten.co.jp%2Fwish%2F10049299%2F&m=http%3A%2F%2Fm.rakuten.co.jp%2Fwish%2Fi%2F10056068%2F&rafcid=wsc_i_is_9fdeb09f-0a42-4a33-b337-0ae38817954c,,paco-rabanne-1 / paco-rabanne-2 / aesop-1,インヴィクタス（Paco Rabanne）はどんな匂い？香調・持続・合うシーン｜Sillage,Paco Rabanne「インヴィクタス」の香調(トップ・ミドル・ラスト)、季節・シーン、価格帯、Sillageの見立てをまとめています。,,9,香水濃度 / 容量 / おすすめする人 / おすすめしにくい人 / 注意点 / 香りプロフィール数値 / Amazonリンク / 公式リンク / 情報出典
bvlgari-3,Bvlgari,アクア プールオム,,,"¥8,000前後",2005,マンダリン,ポシドニア海藻,サンタリウム・アンバー,アクアティック,ビジネス / スポーツ,夏 / 春,,,,,,https://hb.afl.rakuten.co.jp/hgc/g00trifn.k90d6615.g00trifn.k90d7885/?pc=https%3A%2F%2Fitem.rakuten.co.jp%2Fmimori%2F0783320427152%2F&m=http%3A%2F%2Fm.rakuten.co.jp%2Fmimori%2Fi%2F10012912%2F&rafcid=wsc_i_is_9fdeb09f-0a42-4a33-b337-0ae38817954c,,bvlgari-1 / bvlgari-2 / aesop-1,アクア プールオム（Bvlgari）はどんな匂い？香調・持続・合うシーン｜Sillage,Bvlgari「アクア プールオム」の香調(トップ・ミドル・ラスト)、季節・シーン、価格帯、Sillageの見立てをまとめています。,,9,香水濃度 / 容量 / おすすめする人 / おすすめしにくい人 / 注意点 / 香りプロフィール数値 / Amazonリンク / 公式リンク / 情報出典
versace-4,Versace,プールオム,,,"¥6,000前後",,レモン・ネロリ,ゼラニウム・チュベローズ,シダー・ムスク,アクアティック,デイリー / デート,夏 / 春,,,,,,https://hb.afl.rakuten.co.jp/hgc/g00pv5mn.k90d6eb3.g00pv5mn.k90d71f1/?pc=https%3A%2F%2Fitem.rakuten.co.jp%2Fkousuimonogatari%2Fver1081_sale%2F&m=http%3A%2F%2Fm.rakuten.co.jp%2Fkousuimonogatari%2Fi%2F10026285%2F&rafcid=wsc_i_is_9fdeb09f-0a42-4a33-b337-0ae38817954c,,versace-1 / versace-2 / versace-3,プールオム（Versace）はどんな匂い？香調・持続・合うシーン｜Sillage,Versace「プールオム」の香調(トップ・ミドル・ラスト)、季節・シーン、価格帯、Sillageの見立てをまとめています。,,10,香水濃度 / 容量 / 発売年 / おすすめする人 / おすすめしにくい人 / 注意点 / 香りプロフィール数値 / Amazonリンク / 公式リンク / 情報出典
acqua-di-parma-2,Acqua di Parma,ブルー メディテラネオ アランチャ,,,"¥16,000前後",1999,オレンジ・シトロン,カルダモン,サンダルウッド・ムスク,アクアティック,デイリー / デート,夏 / 春,,,,,,https://hb.afl.rakuten.co.jp/hgc/g00pl3fn.k90d6b94.g00pl3fn.k90d70c3/?pc=https%3A%2F%2Fitem.rakuten.co.jp%2Fwish%2F10048622%2F&m=http%3A%2F%2Fm.rakuten.co.jp%2Fwish%2Fi%2F10054358%2F&rafcid=wsc_i_is_9fdeb09f-0a42-4a33-b337-0ae38817954c,,acqua-di-parma-1 / aesop-1 / davidoff-1,ブルー メディテラネオ アランチャ（Acqua di Parma）はどんな匂い？香調・持続・合うシーン｜Sillage,Acqua di Parma「ブルー メディテラネオ アランチャ」の香調(トップ・ミドル・ラスト)、季節・シーン、価格帯、Sillageの見立てをまとめています。,,9,香水濃度 / 容量 / おすすめする人 / おすすめしにくい人 / 注意点 / 香りプロフィール数値 / Amazonリンク / 公式リンク / 情報出典
